transaction_amount,transaction_time,customer_age,fraudulent,merchant_category_Electronics,merchant_category_Fuel,merchant_category_Grocery,merchant_category_Restaurants,mode_of_payment_Debit Card,mode_of_payment_Net Banking,mode_of_payment_UPI
1875.8278936425756,18,25,0,0,0,0,0,1,0,0
4753.817960517531,7,24,0,0,1,0,0,0,1,0
3661.3097393479684,6,51,0,0,0,0,1,1,0,0
2995.299128564198,15,61,0,0,1,0,0,1,0,0
784.3131090099704,18,70,0,0,0,0,0,1,0,0
784.1926290793322,5,31,0,0,0,0,0,0,1,0
295.1276427801563,19,33,0,0,0,0,1,0,0,1
4331.549848145802,20,60,0,0,0,1,0,0,1,0
3007.569483657328,10,69,0,0,0,0,1,1,0,0
3541.8225260912473,4,26,0,0,1,0,0,0,0,0
107.81954900753323,15,27,0,0,0,1,0,0,1,0
4849.699711549161,6,34,0,0,1,0,0,0,0,0
4163.050990798107,4,29,0,0,0,0,1,0,1,0
1065.6338578379894,10,23,0,0,0,1,0,0,1,0
913.2157111994676,14,36,0,0,0,0,1,1,0,0
921.105526717902,2,60,0,1,0,0,0,0,0,1
1524.690003582891,4,58,0,0,0,0,0,0,0,1
2626.158376003028,22,70,0,0,0,1,0,1,0,0
2162.565368117368,20,46,0,0,0,0,0,0,1,0
1459.6895552892195,4,23,0,1,0,0,0,0,0,1
3061.205209138285,8,76,0,0,0,1,0,0,0,1
701.771833956949,14,42,0,0,0,0,0,0,0,1
1464.2625194334146,2,74,0,0,0,0,0,1,0,0
1834.9774072519901,5,41,0,0,0,1,0,0,0,0
2283.0695711640947,16,42,0,0,0,0,0,0,0,0
3926.953927158103,20,33,0,0,0,0,0,0,0,0
1002.3705418810068,7,69,0,0,0,1,0,0,0,0
2573.60101987599,20,33,0,0,0,0,0,0,0,0
2964.110771465902,10,23,0,0,0,0,0,0,0,1
237.01981153638863,5,54,0,0,1,0,0,0,0,1
3039.686535247685,7,38,0,0,1,0,0,0,1,0
856.7679978180212,9,21,0,1,0,0,0,0,0,1
329.9327069614712,23,51,0,0,1,0,0,1,0,0
4744.6832585803995,2,45,0,0,1,0,0,0,1,0
4828.332005207424,22,55,0,1,0,0,0,0,0,1
4042.9447538417235,13,58,0,0,0,0,0,0,1,0
1526.5457770209866,22,45,0,0,0,0,0,0,1,0
492.87220946188745,13,34,0,0,1,0,0,0,0,0
3422.7439674282236,9,31,0,1,0,0,0,0,1,0
2203.5617062293086,11,24,0,0,0,0,0,0,0,1
614.5809830496702,5,39,0,0,0,0,1,0,0,0
2478.4086660057947,11,68,0,0,0,1,0,0,0,1
176.7706629705159,22,18,0,0,0,1,0,0,0,0
4547.055408383517,13,46,0,0,0,1,0,0,0,1
1297.6060080920845,1,69,0,0,1,0,0,0,0,0
3314.29881034814,8,48,0,0,0,1,0,0,0,0
1561.9968250666077,9,47,0,0,0,1,0,1,0,0
2602.739765783165,16,74,0,0,0,0,1,0,0,1
2735.817845319682,16,32,0,0,0,0,0,0,1,0
928.3480053500076,2,35,0,0,0,0,1,0,0,0
4848.07521568397,18,52,0,0,1,0,0,0,0,1
3876.7884526887674,0,67,0,0,0,1,0,0,0,0
4697.797213113125,11,47,0,0,0,0,0,1,0,0
4474.662615386106,6,51,0,0,0,1,0,1,0,0
2991.51039416137,3,59,0,0,0,1,0,1,0,0
4609.761803940469,9,28,0,0,1,0,0,1,0,0
447.0200477493379,12,44,0,0,0,1,0,0,1,0
983.9343977836303,1,41,0,1,0,0,0,0,1,0
230.91030810813763,9,52,0,0,0,0,0,0,0,0
1630.0250021625054,20,56,0,0,0,0,0,0,0,1
1946.4430619989625,21,25,0,1,0,0,0,1,0,0
1360.3884137106102,3,68,0,0,1,0,0,1,0,0
4144.543858213887,17,35,0,0,0,1,0,0,1,0
1786.9828668344785,4,30,0,0,0,1,0,0,1,0
1408.267875888467,18,62,0,0,0,0,0,1,0,0
2715.766935375451,1,41,0,0,1,0,0,0,0,1
708.9165037489394,11,68,0,0,1,0,0,0,0,0
4011.973918866428,16,40,0,0,1,0,0,0,0,0
377.38046518045525,9,29,0,0,0,1,0,0,0,0
4934.500248319584,1,66,0,0,1,0,0,0,0,0
3862.3626226368037,5,47,0,1,0,0,0,0,0,1
997.5848292631912,7,48,0,0,0,0,1,0,0,1
32.58297503239398,18,45,0,0,1,0,0,0,0,1
4078.229835131897,10,39,0,0,0,0,1,0,1,0
3535.7524325188474,11,61,0,0,0,1,0,1,0,0
3646.3908043647316,8,45,0,0,1,0,0,0,0,1
3857.495381696299,1,30,0,0,0,0,0,0,0,0
374.8530354117814,7,42,0,0,0,1,0,0,0,1
1795.5363140786417,10,61,0,1,0,0,0,1,0,0
583.7659523280229,20,68,0,1,0,0,0,0,1,0
4316.201612248589,3,63,0,0,0,0,1,0,0,0
3118.374143503652,9,24,0,0,0,0,1,0,1,0
1657.8356341389826,20,62,0,0,0,0,0,0,0,1
322.47395967868806,19,23,0,0,0,0,0,0,0,0
1558.3566969697326,15,41,0,1,0,0,0,0,0,0
1629.2906935236015,7,36,0,0,1,0,0,0,0,1
3649.38286079863,3,36,0,1,0,0,0,0,0,1
3189.5995694192898,9,53,0,1,0,0,0,1,0,0
4436.627649168751,11,68,0,0,0,0,0,0,0,1
2363.713551183937,13,26,0,0,0,0,1,0,0,1
602.373258461817,15,65,0,0,0,0,0,0,0,1
3567.65771217886,21,76,0,0,0,0,0,0,0,0
3805.1213178414027,17,53,0,0,0,0,0,1,0,0
2808.579601859634,20,55,0,1,0,0,0,0,0,0
3855.9810638730323,21,57,0,0,1,0,0,0,0,1
2471.5090038401318,20,76,0,1,0,0,0,1,0,0
2616.0504827630602,11,46,0,0,0,1,0,0,0,1
2140.5673867009555,17,41,0,0,0,0,0,0,0,0
131.96853808675547,6,65,0,0,0,0,0,0,0,0
543.9176778315557,19,22,0,0,0,1,0,0,0,1
161.9887825052376,23,70,0,0,0,0,0,1,0,0
3183.8700042625833,22,71,0,0,0,0,0,0,0,0
1575.2081254762518,6,59,0,0,0,0,0,0,0,1
2545.3106023676905,8,72,0,0,0,1,0,0,1,0
4538.294537260835,0,62,0,1,0,0,0,0,0,1
1250.2146845986304,5,78,0,0,0,0,0,0,0,1
2054.8627005629705,5,43,0,0,1,0,0,1,0,0
3778.9779370225283,21,31,0,0,0,1,0,0,0,1
1147.8468366306543,11,56,0,0,0,0,1,0,1,0
389.514649594821,21,46,0,0,0,1,0,0,0,1
1452.3085073042712,11,69,0,1,0,0,0,0,1,0
810.3003298337521,9,23,1,0,0,1,0,0,0,0
4648.839773451153,22,24,0,0,0,0,1,0,0,1
4041.5612959242626,5,54,0,0,1,0,0,1,0,0
3168.8517637695654,16,70,0,0,0,0,1,0,0,1
4357.94564798765,18,35,0,0,0,1,0,0,1,0
4019.3420241110766,17,40,0,0,0,0,1,0,1,0
936.9174441357491,5,61,0,0,0,1,0,1,0,0
4463.332197457439,23,55,0,0,1,0,0,0,1,0
2699.0144983686755,18,76,0,0,1,0,0,0,0,1
4038.1635750444925,9,18,0,1,0,0,0,0,1,0
4480.976043117848,23,21,0,0,1,0,0,0,0,1
1593.4273574844601,7,68,0,0,0,0,0,0,0,1
554.7093630157455,20,61,0,0,0,0,1,0,1,0
1143.5361368969986,23,64,0,0,0,0,1,1,0,0
2138.4034041881505,5,52,0,0,0,1,0,0,0,0
4090.983755782853,20,40,0,0,1,0,0,1,0,0
4304.349263365435,6,44,0,1,0,0,0,0,0,0
39.72589200329757,23,77,0,1,0,0,0,1,0,0
2556.1827763749407,0,43,0,1,0,0,0,0,0,1
2089.967960728151,17,69,0,0,0,0,0,0,0,1
1114.4285133012977,23,77,0,0,1,0,0,0,1,0
603.7275098317456,19,25,0,1,0,0,0,0,0,0
1691.3877811611217,11,60,0,0,0,0,0,0,0,0
4714.833971043033,15,33,0,0,0,0,1,0,1,0
1619.3986454436724,9,58,0,0,0,1,0,1,0,0
2596.3591556081137,9,20,0,0,1,0,0,0,1,0
3516.5796996814133,13,49,0,0,1,0,0,1,0,0
1821.3298638845733,19,22,0,0,0,0,1,0,1,0
4859.051503191198,9,37,0,0,1,0,0,0,0,0
4812.424238235845,9,31,0,0,1,0,0,0,0,0
1262.652567647694,10,77,0,0,1,0,0,1,0,0
2488.756286932465,22,49,0,0,1,0,0,0,0,0
1507.8871575347644,1,43,0,0,0,0,0,0,0,0
1427.7782694154507,19,64,0,0,0,0,0,0,0,0
189.2503020358913,7,23,0,0,0,1,0,0,0,0
3049.773848229585,22,76,0,0,1,0,0,0,0,1
2515.881721028163,6,75,0,0,0,0,1,0,1,0
262.1363624936968,7,53,0,1,0,0,0,0,1,0
1396.8390888618742,0,57,0,0,0,1,0,0,0,1
4541.788100403435,20,68,0,1,0,0,0,0,0,0
1201.6116438815272,1,76,0,1,0,0,0,0,1,0
728.7498860956593,17,22,0,0,1,0,0,0,1,0
2449.8165375864273,14,30,0,0,0,0,1,0,1,0
4928.32401828245,0,49,0,1,0,0,0,1,0,0
1214.0660811999446,4,33,0,1,0,0,0,0,0,1
3362.3170592923634,1,18,0,0,0,1,0,1,0,0
3809.2899785669442,19,30,0,0,0,0,1,1,0,0
1191.9995322420364,2,71,0,0,0,0,1,0,0,1
3642.4406613162387,18,28,1,1,0,0,0,0,1,0
1842.0767479326698,17,70,0,0,0,0,1,1,0,0
3163.3676238149296,21,25,0,0,0,1,0,0,1,0
3169.480905250669,17,42,0,0,0,1,0,1,0,0
2681.1945469534185,13,57,0,0,0,1,0,0,1,0
455.9974014217695,23,49,0,0,1,0,0,0,0,0
4177.335965468244,7,41,0,1,0,0,0,0,0,0
1607.2964245338205,11,45,0,0,0,0,1,0,0,0
936.6599594472718,20,31,0,0,0,1,0,0,0,1
208.67183206604577,9,62,0,1,0,0,0,0,0,0
2956.510251225268,22,20,0,1,0,0,0,1,0,0
3389.4339874022007,19,53,0,0,1,0,0,0,1,0
87.85620549464147,16,44,0,0,0,0,1,0,1,0
2562.9048262049087,10,37,0,0,0,0,1,0,1,0
1136.3463971137,1,64,0,0,0,1,0,0,1,0
3227.638088095202,3,32,0,0,0,1,0,1,0,0
875.9603128799323,0,79,0,1,0,0,0,0,1,0
3456.2340018218174,14,44,0,0,0,0,1,1,0,0
1936.7430547711845,12,70,0,0,0,0,1,1,0,0
4683.966293739989,7,62,0,0,0,1,0,0,1,0
691.9171160092363,3,58,0,0,0,0,0,0,1,0
1708.6264234960413,9,45,0,1,0,0,0,0,1,0
571.8002385967424,18,42,0,0,0,0,1,1,0,0
4623.844623301421,17,59,0,0,1,0,0,0,0,1
4387.310070138,4,78,0,0,1,0,0,1,0,0
1293.4184304372022,18,61,0,0,0,0,0,0,0,1
3301.6203099407244,22,63,0,0,0,1,0,0,1,0
4087.0248900050733,21,50,0,0,0,1,0,1,0,0
2778.228053939314,15,63,0,0,0,1,0,0,1,0
2650.6046388882523,0,31,0,0,1,0,0,0,0,1
1213.0521930477562,11,25,0,0,0,1,0,0,0,1
470.0483251904666,23,65,0,0,1,0,0,1,0,0
4486.592710976867,1,31,0,0,0,0,0,1,0,0
4502.588195530836,20,18,0,1,0,0,0,1,0,0
3167.3417790799735,7,33,0,0,0,0,1,1,0,0
1698.4538062882598,17,35,0,0,0,0,0,0,0,0
1749.301825190241,15,24,0,0,1,0,0,0,0,0
3631.148615956846,4,32,0,0,0,0,0,0,1,0
4486.065748463123,21,41,0,0,0,0,1,0,0,1
4435.996689204261,12,66,0,1,0,0,0,0,0,1
3900.478351558831,18,68,1,0,0,0,1,0,1,0
3211.9480725406675,2,72,0,0,1,0,0,0,1,0
425.2791251502689,7,30,0,0,0,0,1,0,1,0
812.3354269025958,11,26,0,0,0,0,0,0,0,0
4493.278171692761,1,73,0,0,0,1,0,0,1,0
3034.113152999652,10,73,0,0,0,0,0,0,0,1
50.93927282506509,11,32,0,0,1,0,0,0,1,0
511.8503566158304,17,74,0,1,0,0,0,1,0,0
3319.1913366947388,12,75,0,0,0,0,1,0,0,1
30.28261131186234,4,52,0,1,0,0,0,0,0,1
808.2362168304057,21,41,0,0,1,0,0,0,0,1
2745.925277886098,11,50,0,0,0,0,1,0,0,0
3461.016512475003,1,33,0,0,0,0,0,0,0,0
3261.54649121549,4,25,0,0,0,0,0,0,0,1
1125.2252007554962,6,46,0,0,1,0,0,1,0,0
3562.3352106309417,23,40,1,0,0,0,1,0,0,1
1190.0591920465163,11,62,0,0,0,0,0,0,0,0
1630.3714923055422,15,48,0,0,1,0,0,1,0,0
3733.7245685645307,22,57,0,0,1,0,0,0,0,1
3249.916330740837,7,66,0,1,0,0,0,0,0,0
4246.870935418418,8,71,0,0,0,0,0,1,0,0
3289.776397040215,14,72,0,0,0,0,1,0,1,0
2843.7014736606807,4,31,0,0,0,0,0,0,1,0
472.9054653013219,12,76,0,0,0,0,0,0,0,1
1841.7404362818704,4,70,0,0,0,0,0,0,1,0
1329.6858265702185,10,47,0,0,1,0,0,0,0,0
1223.7282686785225,9,70,0,0,0,1,0,1,0,0
4865.187720988466,19,56,0,0,0,1,0,0,0,1
1968.5231347104682,12,44,0,1,0,0,0,1,0,0
4460.772543109681,8,64,0,0,0,0,0,1,0,0
3157.537436856328,20,33,0,0,0,1,0,1,0,0
3975.0824611905336,13,68,0,1,0,0,0,0,0,0
2515.672280060435,17,23,0,0,1,0,0,0,0,1
2886.634903708664,14,72,0,0,0,0,0,0,1,0
2465.1258806252254,9,50,0,0,0,0,1,1,0,0
980.2387240512322,23,61,0,0,1,0,0,1,0,0
3613.648315731219,6,35,0,1,0,0,0,1,0,0
1407.4579503920747,7,33,0,0,1,0,0,0,0,0
126.45825232511193,2,29,0,0,0,0,1,0,1,0
3229.134118056303,14,37,0,0,1,0,0,1,0,0
889.6678436382094,15,62,0,1,0,0,0,0,0,0
4702.590628842807,3,57,0,0,0,0,1,0,0,0
4769.873242127924,20,76,0,0,0,0,1,1,0,0
4574.74762915114,5,46,0,0,1,0,0,1,0,0
1853.9427077759447,0,47,0,0,0,0,1,0,0,0
82.2057995616928,3,43,0,0,1,0,0,0,0,0
4641.951220125688,10,39,0,0,0,0,0,1,0,0
2143.779820844985,11,50,0,0,0,0,1,0,0,0
4833.440821123129,4,75,0,0,1,0,0,0,0,0
4818.281785560818,22,70,0,0,0,0,0,1,0,0
4265.7822300594635,20,56,0,0,0,0,1,1,0,0
1475.7722158875806,15,64,0,0,0,0,0,0,0,1
1928.5631543666166,12,46,0,0,0,0,1,0,1,0
4256.4276742267,12,39,0,1,0,0,0,1,0,0
1588.025415755607,16,62,0,1,0,0,0,1,0,0
851.616269697032,6,30,1,0,1,0,0,1,0,0
2786.222305979459,7,77,0,0,0,1,0,0,1,0
4681.093096933101,12,26,0,1,0,0,0,0,0,1
3481.6688343914902,22,41,0,0,0,1,0,0,0,0
2852.455544596378,15,32,0,0,0,0,0,0,1,0
490.39658638498884,3,53,0,0,0,0,0,1,0,0
3076.961097362353,7,30,0,0,0,1,0,1,0,0
4950.318981270795,15,44,0,0,1,0,0,0,0,1
704.7196561064375,20,61,0,0,0,0,1,0,0,1
2594.056613556865,9,54,0,0,0,1,0,0,0,1
4387.478494280137,11,24,0,0,0,1,0,0,0,0
3705.1392456822514,11,25,0,0,0,1,0,0,1,0
3486.5936262713635,4,54,0,0,0,1,0,0,1,0
3513.9079995156108,15,58,0,0,0,1,0,0,0,1
1800.658300342677,0,31,0,0,1,0,0,0,0,0
1471.4912621011445,8,75,0,1,0,0,0,0,1,0
4047.7589716151756,11,29,0,0,0,0,1,1,0,0
4051.5164064225078,4,53,0,1,0,0,0,1,0,0
4336.026231307618,21,69,0,0,0,1,0,1,0,0
4566.636560019574,19,78,0,1,0,0,0,0,1,0
2559.1552823103843,21,57,0,0,1,0,0,0,0,1
2510.073891962562,23,34,0,0,0,0,0,1,0,0
3992.484418939042,2,57,0,1,0,0,0,0,0,1
3251.569834234937,4,70,0,0,0,0,1,0,0,0
3511.324551902228,1,46,0,0,1,0,0,1,0,0
3979.984383833325,13,79,0,0,0,0,0,0,0,0
4450.5766823787435,1,44,0,0,1,0,0,0,0,1
1693.2858084734214,12,18,0,0,0,1,0,0,1,0
1881.0368484365204,6,69,0,0,0,0,0,0,0,1
474.43978950514065,9,51,0,0,0,0,1,1,0,0
2893.509304275889,12,21,0,0,0,0,0,1,0,0
184.53165761472673,15,41,0,0,0,0,1,0,0,1
2330.6621005716383,13,38,1,0,0,1,0,1,0,0
2715.509950364345,10,50,0,0,0,0,1,1,0,0
1436.2735543807805,9,24,0,0,1,0,0,0,0,0
2956.2121365422086,5,18,0,1,0,0,0,0,1,0
157.3487484455519,3,58,0,0,1,0,0,0,0,1
191.55420280232602,20,20,0,0,1,0,0,0,0,0
4113.889800494993,0,61,0,0,0,0,0,1,0,0
1804.1522538492582,6,68,0,0,0,1,0,0,0,0
639.6672606961645,23,32,0,1,0,0,0,0,1,0
2613.6050839737477,8,48,0,0,0,0,1,0,0,1
3851.117797727561,7,71,0,0,0,0,0,0,1,0
1083.0260323467317,4,33,0,0,0,1,0,0,1,0
3116.337926715906,18,27,0,1,0,0,0,0,0,0
431.31058764387114,9,71,0,0,1,0,0,0,0,0
263.15019723719547,10,46,0,0,0,1,0,0,1,0
2659.116384682899,14,76,0,0,0,1,0,1,0,0
2705.472432442482,5,76,0,0,0,1,0,0,0,1
3188.9623579835416,14,23,0,0,1,0,0,1,0,0
3631.8262119446945,4,46,0,0,0,0,1,1,0,0
4879.38113691536,18,34,0,0,0,0,0,0,0,1
2583.9202397644704,21,70,0,0,0,0,1,0,0,0
1618.1675823415235,18,77,0,1,0,0,0,1,0,0
3976.955042869675,9,39,0,0,0,0,0,0,0,0
1357.8070950540607,11,41,0,1,0,0,0,0,0,1
2197.6622464246525,21,78,0,0,1,0,0,1,0,0
396.88962480461845,3,34,0,0,0,0,1,0,0,0
131.62696336021025,17,38,0,0,0,1,0,0,0,0
4813.428831316236,15,68,0,0,0,0,0,1,0,0
4180.720701958468,7,67,0,0,0,1,0,0,0,1
3481.3911594380215,3,28,0,1,0,0,0,0,1,0
2047.719957349278,22,73,0,0,0,1,0,0,0,0
870.6051287538746,11,24,0,0,0,1,0,0,0,1
786.4030281420748,1,59,0,0,1,0,0,1,0,0
1254.9632763321536,3,56,0,0,1,0,0,0,0,0
2748.387190207072,4,22,0,0,0,0,1,0,0,0
3574.4066338868115,2,61,0,1,0,0,0,0,0,0
3302.6858967050675,8,65,0,0,1,0,0,0,0,1
1403.2698152449846,20,78,0,0,1,0,0,0,0,0
4774.552076912654,17,74,0,0,0,0,1,0,0,0
3690.795098895364,10,38,0,0,0,0,0,1,0,0
2773.9984922944464,2,35,0,0,0,0,1,0,0,0
3060.5451274405896,22,52,0,0,0,1,0,0,0,1
2100.9023118268105,1,37,0,0,0,1,0,1,0,0
1242.4162925582816,8,32,0,0,1,0,0,0,1,0
1783.0835298630516,13,22,0,0,1,0,0,1,0,0
3790.4413217695237,3,30,0,0,0,0,1,0,0,0
76.89547570563056,8,68,0,0,0,0,1,0,1,0
584.7828393320466,12,29,0,1,0,0,0,1,0,0
234.78319689865498,17,79,0,0,0,1,0,0,0,0
208.44036758325583,14,72,0,0,0,0,1,1,0,0
4278.025617134981,9,38,0,0,0,0,0,0,0,1
3519.771007603218,15,54,0,1,0,0,0,0,0,0
2373.4982762911895,11,23,0,0,0,0,1,0,0,1
493.68163245175236,19,24,0,0,1,0,0,0,0,0
2460.6212962085774,4,43,0,0,0,0,1,0,0,1
2369.9914950489256,1,59,0,0,1,0,0,0,1,0
870.1433402005258,9,65,0,0,1,0,0,0,0,1
2172.0889879436754,0,25,0,0,0,1,0,1,0,0
1995.5311483148803,6,26,0,0,0,1,0,0,0,0
3081.171239770821,16,44,0,0,0,0,1,1,0,0
3177.292786083881,15,21,1,0,0,0,1,0,0,1
231.29352881136236,23,38,0,0,0,0,0,0,0,0
1876.1900100592238,2,48,0,1,0,0,0,0,0,1
3131.1702789926107,13,38,0,1,0,0,0,0,1,0
2518.1656116075383,9,57,0,0,0,0,1,0,1,0
4283.16675673567,21,42,0,0,0,1,0,0,1,0
3295.1746899366303,6,56,0,0,0,0,0,0,0,1
818.8574632717413,16,32,0,1,0,0,0,0,0,1
357.49089326514706,5,70,0,0,0,0,1,0,1,0
3213.8842946405466,22,52,0,0,0,1,0,0,0,1
137.42399615540094,21,66,0,0,0,1,0,1,0,0
2930.949028460949,3,60,0,0,0,1,0,0,0,1
4701.450055917663,16,58,0,0,1,0,0,1,0,0
2879.4935184900155,8,54,0,0,0,1,0,0,1,0
1943.908781401577,3,74,0,0,0,0,1,0,0,1
3218.224651119554,6,59,0,0,0,0,0,0,1,0
2293.9731880051254,22,64,0,0,0,0,1,0,0,0
2730.355862633095,1,45,0,0,0,1,0,0,0,1
4707.616719838743,16,78,0,0,0,0,0,0,0,1
1933.5826758148673,23,31,0,1,0,0,0,0,1,0
4806.146866300452,7,21,1,1,0,0,0,0,1,0
4527.226456570538,22,70,0,0,0,0,1,0,1,0
982.9767182725357,14,37,0,0,0,0,0,0,0,0
351.45969787145145,14,51,0,0,0,0,1,0,0,0
508.3861168802461,7,29,0,0,0,0,0,0,1,0
96.0180191294909,15,50,0,0,0,0,0,0,0,1
476.74258897586236,18,41,0,0,0,0,1,0,0,1
3416.6188332147026,10,37,0,0,0,0,0,0,1,0
360.58729905884377,1,22,0,0,0,1,0,1,0,0
1598.2832733173377,22,55,0,0,0,0,0,0,0,0
4225.152178292426,23,47,0,0,0,0,0,0,0,0
121.2433190004502,16,41,0,0,0,0,1,1,0,0
4073.2700705317343,15,60,0,1,0,0,0,0,1,0
1412.8645999931327,14,57,0,0,1,0,0,0,0,1
595.233313970173,12,24,0,0,0,0,0,0,0,1
3485.2021409939325,14,53,0,0,1,0,0,0,0,0
3146.5695196655206,3,55,0,0,0,0,0,1,0,0
4387.972707567629,15,33,0,0,0,0,1,0,0,1
3676.6798638004093,11,69,0,0,0,0,1,0,0,0
4018.3872472723187,3,32,0,0,0,0,0,0,0,1
1413.7626899936758,2,63,0,0,0,0,1,0,0,1
891.3105211797155,21,40,0,0,0,0,1,0,0,1
3754.3206844460874,16,29,0,0,0,0,0,0,0,0
4035.1395226399836,21,46,0,1,0,0,0,1,0,0
4952.573184293363,17,61,0,0,0,0,0,0,1,0
2066.025296172575,17,65,0,1,0,0,0,1,0,0
1863.230338534952,22,32,0,0,0,0,1,0,0,1
3883.182738906274,16,46,0,1,0,0,0,1,0,0
1707.313683563824,11,62,0,0,0,0,1,0,0,1
4654.132841389805,22,60,0,1,0,0,0,0,0,0
4292.771695455844,20,79,0,1,0,0,0,0,0,0
2147.8251667382165,23,66,0,0,0,0,0,0,0,0
3755.6009836185294,3,38,0,1,0,0,0,0,0,1
3773.9416560529885,11,32,0,0,0,0,1,1,0,0
520.1037248354834,22,31,0,0,0,0,0,0,1,0
4513.251768864436,21,59,0,1,0,0,0,0,1,0
2528.7356003770465,20,61,0,0,0,0,0,0,0,0
4133.155043208169,19,33,0,0,1,0,0,0,1,0
1603.6477571479056,14,32,0,0,0,0,0,0,0,1
4478.138526338521,22,59,0,0,1,0,0,1,0,0
1949.0623852771448,15,21,0,0,1,0,0,0,1,0
59.13406914409031,4,44,0,0,0,0,0,0,1,0
4527.382972214222,20,40,0,0,0,0,1,1,0,0
460.9769505467371,14,46,0,0,0,0,1,0,1,0
1599.9716197641224,16,58,0,0,0,0,1,1,0,0
4750.559525418771,17,70,0,0,0,1,0,0,0,1
4753.282698953093,4,69,0,0,1,0,0,0,0,1
2869.322251175814,12,26,0,0,0,0,0,0,0,1
3161.0268747881473,18,70,0,0,0,0,1,0,0,0
2244.985382281707,12,74,0,0,0,0,1,0,0,1
1469.5878046318323,17,73,0,0,0,0,0,0,1,0
1646.6794041227301,13,69,0,0,1,0,0,0,0,0
3364.229688104807,3,60,0,0,0,0,0,0,0,0
3763.110774541212,3,60,0,0,0,1,0,0,0,0
3958.9373234106133,19,24,0,0,0,1,0,0,0,1
3949.142623258797,19,70,0,0,0,0,0,0,0,0
460.5744847282084,18,59,0,0,1,0,0,0,0,1
2474.6294219893944,12,21,0,0,0,0,1,0,0,1
292.5060062831382,11,22,0,0,0,1,0,0,0,0
2749.896767207059,6,22,0,0,0,1,0,0,0,0
2210.4448543600183,11,28,0,0,1,0,0,0,1,0
4439.082392877707,20,58,0,0,0,1,0,0,0,0
1757.820487697633,3,45,0,0,0,1,0,0,0,1
589.7497470558912,1,33,0,0,1,0,0,0,1,0
719.2434518539151,1,58,0,0,0,0,0,0,1,0
3808.745605428774,4,71,0,0,0,0,1,0,0,1
3092.999226264724,22,47,0,0,0,0,1,0,0,0
510.10776723333726,9,21,0,0,0,1,0,0,0,0
425.11349654441216,9,19,0,0,0,0,1,1,0,0
3506.3408116383043,8,63,0,0,0,0,0,0,0,0
368.45121678914666,12,20,0,0,0,1,0,1,0,0
4110.190996155329,6,67,0,0,0,0,1,0,1,0
3532.6799246466985,4,38,0,1,0,0,0,0,1,0
411.3371593062893,9,23,0,1,0,0,0,0,1,0
428.76438185553366,9,60,0,1,0,0,0,1,0,0
4933.264694613372,5,70,0,1,0,0,0,0,0,1
1874.482624801821,18,35,0,1,0,0,0,0,0,1
1856.35752459912,20,61,0,0,0,1,0,0,1,0
4064.9338384512253,7,22,0,0,1,0,0,1,0,0
4736.506644032374,0,26,0,0,1,0,0,1,0,0
4930.07531379524,16,37,0,0,0,1,0,0,1,0
3768.1240353684134,6,45,0,0,0,1,0,0,0,0
1884.4166297269242,13,43,0,0,0,0,0,0,1,0
422.08607990985047,20,35,0,0,1,0,0,1,0,0
3886.848845057547,20,36,0,1,0,0,0,0,0,0
2794.2292274303463,16,20,1,0,0,1,0,0,0,1
2123.9889361886467,8,26,0,1,0,0,0,0,0,0
4532.240153548206,16,53,0,0,1,0,0,0,0,1
560.431424119226,4,48,0,0,0,0,1,1,0,0
2465.6623959328413,19,66,0,0,0,0,1,0,1,0
61.71145561325825,7,34,0,0,0,1,0,0,1,0
2345.959906760661,5,72,0,0,0,0,0,0,1,0
286.23486203077755,10,40,0,1,0,0,0,0,1,0
598.4954917590193,18,51,0,0,0,1,0,0,1,0
592.0436026516389,3,58,0,0,0,0,0,1,0,0
3247.8054590697375,17,58,0,1,0,0,0,1,0,0
3731.4941719307894,0,22,0,0,1,0,0,0,1,0
2918.9269816603123,12,32,0,0,0,0,1,0,0,0
4811.051879630337,13,64,0,0,0,0,0,0,1,0
1877.4785447209017,23,20,0,1,0,0,0,0,0,1
1432.1318709778943,0,36,0,0,0,1,0,0,0,1
4343.652645306354,10,45,0,1,0,0,0,0,0,1
1121.861213404666,16,20,0,0,0,1,0,0,0,1
4816.296584505853,3,55,0,0,0,0,1,0,1,0
65.71160107563261,11,21,0,0,0,0,1,0,0,1
4849.544739404657,9,41,0,1,0,0,0,0,0,0
220.5837601931277,5,48,0,1,0,0,0,0,1,0
4456.259852921865,0,62,0,0,0,1,0,0,0,1
2640.8670398860677,6,76,0,0,0,1,0,0,1,0
4964.859156615905,20,62,0,0,0,0,0,0,1,0
373.6138408533173,15,76,0,0,0,0,0,0,1,0
2771.5021505845975,23,28,0,0,0,0,0,1,0,0
4846.6661654173995,13,54,0,1,0,0,0,0,0,1
2617.8737316298934,22,18,0,0,0,0,0,1,0,0
3148.8461974856364,19,26,0,1,0,0,0,0,0,0
3480.264701478163,19,34,0,0,0,0,1,0,0,0
2275.432618515027,5,71,0,0,1,0,0,1,0,0
3139.652610019897,21,18,0,0,0,0,1,0,0,1
2923.649988055886,4,20,0,1,0,0,0,0,1,0
4506.28426240249,23,64,0,1,0,0,0,0,0,0
232.00466980558207,20,43,0,0,1,0,0,0,0,0
1408.4111320131904,17,70,0,0,0,1,0,0,0,0
4752.305362962411,14,48,0,0,0,1,0,0,0,1
4451.867600535127,5,43,0,0,0,1,0,1,0,0
2281.005480164636,18,40,0,0,0,0,0,1,0,0
3102.562326018676,0,47,0,0,0,1,0,0,0,1
1390.5190089907578,0,27,0,0,0,0,0,0,0,0
944.6651928201877,12,25,0,0,0,0,0,0,0,1
2321.173532675211,2,61,0,0,0,1,0,0,0,1
1769.9943789901338,9,42,0,0,0,1,0,1,0,0
2920.362278695106,20,39,0,0,1,0,0,0,0,1
393.28451164009925,2,32,0,0,1,0,0,0,0,1
4872.102064292501,8,76,0,0,0,0,0,0,0,0
4931.122668675616,7,58,0,0,1,0,0,0,1,0
3492.3177615286268,2,73,0,0,0,0,0,0,0,0
2682.8013498888813,12,74,0,1,0,0,0,1,0,0
1551.0904433502071,5,27,0,0,0,0,0,0,1,0
4069.9061234362084,12,37,0,0,0,0,0,0,0,0
3425.232206906627,22,58,0,0,1,0,0,0,0,1
817.2716120277321,19,64,0,1,0,0,0,0,0,1
4555.081286546743,19,40,0,0,0,0,1,0,1,0
4113.573528401229,11,70,0,0,0,0,1,0,1,0
4749.250566893161,12,70,0,0,0,0,1,0,0,1
3629.968944399858,1,18,0,1,0,0,0,1,0,0
3069.0089036992704,20,19,0,0,0,1,0,0,0,0
2094.123966271641,23,75,0,1,0,0,0,0,0,1
4663.978774353296,22,36,0,0,1,0,0,0,0,0
4330.98912805454,15,79,0,0,0,0,0,0,0,0
230.8672571804161,22,31,0,0,0,0,0,0,0,0
136.70303761377377,5,25,0,0,1,0,0,0,0,0
1885.4345175558578,18,55,0,0,1,0,0,1,0,0
4053.7138872552555,20,29,0,0,0,0,0,1,0,0
4936.444265928148,12,43,0,0,0,1,0,1,0,0
756.3323710621232,16,44,0,0,0,1,0,0,0,1
2972.682923183915,22,46,1,0,0,1,0,0,0,1
1907.5498288719525,8,32,0,0,1,0,0,0,0,1
4849.722417083943,16,63,0,0,0,0,0,1,0,0
4211.384021062865,1,70,0,0,0,0,0,0,0,0
4192.451880032134,18,78,0,0,0,0,0,1,0,0
2346.1223331758765,18,18,0,1,0,0,0,0,0,1
2077.0234141766377,23,77,0,1,0,0,0,0,1,0
1370.6683242938777,6,60,0,0,0,0,1,0,0,1
286.5956057713809,21,45,0,1,0,0,0,0,0,0
4324.288269393991,9,74,0,0,0,1,0,1,0,0
4065.4405406047376,9,20,0,0,0,1,0,0,1,0
4998.589778064223,19,68,0,0,0,1,0,0,1,0
4983.201001184158,8,35,0,0,0,1,0,0,0,0
2779.381369485124,16,69,0,0,0,0,1,1,0,0
3846.09213882665,14,77,0,0,0,1,0,0,1,0
4724.104820762728,1,51,0,0,1,0,0,0,0,1
4248.988716433671,3,49,0,0,1,0,0,0,0,0
1240.5037682072723,18,46,0,0,1,0,0,0,1,0
2255.467955873917,16,42,0,1,0,0,0,0,0,0
650.1512786817175,4,77,0,0,0,0,0,1,0,0
4770.484881157318,6,43,0,0,0,0,1,1,0,0
3032.842299082146,17,56,0,0,1,0,0,1,0,0
1147.0708134897964,20,25,0,0,1,0,0,0,0,1
3360.1449186072546,21,36,0,0,0,1,0,0,1,0
3092.5505610871896,6,71,0,0,1,0,0,1,0,0
1794.0227765740383,16,64,0,0,0,1,0,0,0,1
572.220173037147,6,59,0,0,0,1,0,1,0,0
3359.508111986034,3,39,1,0,0,0,0,1,0,0
2603.9369660144475,7,46,0,1,0,0,0,0,1,0
3862.7303667195183,12,50,0,0,0,1,0,0,0,1
2603.216688054407,3,55,0,0,0,1,0,1,0,0
4261.6465940911075,5,62,0,0,0,0,0,0,0,1
2761.7746596785555,4,63,0,0,0,1,0,0,0,1
2806.8851678192545,11,52,0,0,0,0,1,1,0,0
4383.884745278433,3,60,0,1,0,0,0,1,0,0
2020.3969167309233,23,20,0,0,0,0,1,0,0,0
674.4060661109505,8,36,0,0,1,0,0,0,1,0
148.76946818512818,3,27,0,1,0,0,0,1,0,0
3776.910592089727,18,44,0,0,1,0,0,0,0,0
3103.446209010556,23,32,0,0,0,1,0,0,1,0
3521.878441655622,13,28,0,0,0,0,0,1,0,0
1068.7559867370092,4,64,0,0,0,0,1,0,0,1
686.175520555915,17,43,0,0,1,0,0,0,1,0
77.65060501107024,9,76,0,0,0,1,0,0,0,1
1756.1848562389519,18,41,0,0,0,0,1,0,0,0
2951.6388458388924,11,30,0,0,0,0,1,1,0,0
1964.259005273163,17,49,0,0,1,0,0,0,0,0
2190.1872355085266,16,54,0,0,0,1,0,1,0,0
4521.2726789962735,23,21,0,0,0,0,0,1,0,0
1744.5360577813851,10,30,0,0,1,0,0,0,0,1
2572.377498353255,2,26,0,0,0,0,1,0,0,0
3919.3467986420096,22,74,0,0,0,0,1,0,0,1
1985.7311976947444,16,66,0,1,0,0,0,0,0,1
3112.323067638228,0,51,0,0,0,1,0,0,0,1
4312.506725189992,14,73,0,1,0,0,0,0,0,0
4747.855515169922,8,54,0,0,0,0,0,1,0,0
739.6320372405445,14,65,0,0,1,0,0,1,0,0
4633.305187681664,23,24,0,0,0,0,1,0,0,0
2463.120883932293,2,18,0,0,0,1,0,1,0,0
1294.930719553297,21,77,0,0,0,0,1,0,0,0
2298.383102410115,18,75,0,1,0,0,0,0,0,0
4900.262713550957,12,29,0,1,0,0,0,1,0,0
2465.6273794943836,11,38,0,0,1,0,0,0,1,0
1647.1142933861036,19,28,0,0,0,1,0,0,0,1
3168.8372673120452,0,61,0,0,0,1,0,0,0,0
1204.5273657970745,20,68,0,0,1,0,0,0,0,0
383.93732390277626,16,75,0,1,0,0,0,0,1,0
648.7542109436929,12,61,0,1,0,0,0,0,0,0
644.5889655940733,0,61,0,1,0,0,0,0,0,0
763.7539540939102,9,31,0,0,0,0,1,1,0,0
698.4417273838036,14,51,0,0,0,0,0,1,0,0
3206.169350292057,6,51,0,1,0,0,0,0,1,0
913.4910215737284,21,42,0,0,0,0,0,0,0,0
1731.6080802026968,17,78,0,0,0,0,0,0,0,1
4484.458107480529,15,21,1,0,0,1,0,1,0,0
2372.4383931130474,13,69,0,0,1,0,0,0,0,1
3339.450903912531,17,72,0,0,0,0,1,0,0,1
865.737756652141,6,43,1,0,0,0,0,0,1,0
965.4836489493106,16,33,1,0,0,0,1,0,1,0
209.1387382510619,17,27,0,0,0,1,0,0,0,0
848.8306400454619,11,62,0,1,0,0,0,0,1,0
1396.5587434646334,7,19,0,0,0,0,0,1,0,0
889.1673689623503,21,52,0,0,1,0,0,0,0,0
448.06915611649276,1,36,0,0,0,1,0,0,0,0
607.5761761475011,6,23,0,0,0,0,1,0,0,1
2306.589946323465,3,36,0,1,0,0,0,0,0,1
1035.6369234369336,17,76,0,0,0,0,1,0,0,1
1824.527955935137,5,70,0,0,1,0,0,0,0,0
2519.56926792001,8,69,0,0,0,0,0,0,1,0
3453.5221690036797,8,68,0,0,1,0,0,0,1,0
201.36413850628918,13,25,0,0,0,0,1,0,1,0
3998.054942550668,7,31,0,0,0,0,1,0,0,0
3141.3624455070844,18,27,0,0,1,0,0,0,0,0
413.3863645846152,2,20,0,0,1,0,0,0,0,0
4368.525227413352,17,55,0,0,1,0,0,0,0,0
4604.757640656407,4,46,0,1,0,0,0,0,0,0
310.0844094750444,13,32,0,0,0,0,1,0,1,0
1388.0038524952827,3,40,0,0,0,1,0,0,0,0
4031.9753925663413,6,40,0,1,0,0,0,0,1,0
3742.5571534663736,19,35,0,1,0,0,0,0,0,0
926.6824916851048,11,63,0,1,0,0,0,0,1,0
1050.699870066868,1,36,0,0,0,1,0,1,0,0
1855.508153442953,10,45,0,0,1,0,0,1,0,0
2425.1923110291514,13,43,0,0,0,0,1,0,1,0
3093.182583793828,21,27,0,0,0,0,0,1,0,0
1847.7236296510132,22,64,0,0,0,0,0,1,0,0
2315.360907085074,15,21,0,0,0,0,1,0,1,0
3738.6173359781137,19,72,0,0,0,1,0,0,0,0
188.2325984385365,5,19,0,0,0,0,0,0,0,0
1265.9225369983837,22,20,0,1,0,0,0,0,1,0
3568.1811814933394,3,24,0,0,0,0,0,0,0,1
4476.558154247561,14,72,0,0,0,0,1,0,0,1
2560.828823367752,23,33,0,1,0,0,0,1,0,0
2662.906858900252,0,48,0,0,0,0,0,0,0,1
540.3241966421814,6,27,0,0,0,0,1,1,0,0
2239.824772283156,11,36,0,0,0,1,0,0,0,0
2665.423245942841,9,45,0,0,0,0,1,0,1,0
1216.1401656554747,4,34,0,0,0,1,0,0,0,0
1349.869938592158,11,45,0,1,0,0,0,0,1,0
1889.53439470759,17,36,0,0,0,0,1,0,0,1
105.2556328997432,9,54,0,0,1,0,0,0,0,0
1613.7854320879756,5,40,0,0,1,0,0,0,0,0
1061.1827949477406,11,37,1,0,1,0,0,1,0,0
1640.8492741286836,6,30,0,0,1,0,0,0,1,0
603.2118484371598,17,30,0,0,1,0,0,0,0,1
4453.183767295775,1,60,0,0,0,1,0,0,0,0
2969.9943055024733,9,28,0,0,0,0,1,0,1,0
3397.1160841267256,14,65,0,1,0,0,0,0,0,1
3946.910336843655,11,32,0,0,1,0,0,0,0,0
2494.718783650641,16,34,0,0,1,0,0,0,1,0
439.16683899668135,3,71,0,1,0,0,0,1,0,0
2687.847176383646,6,67,0,1,0,0,0,0,0,0
2936.271384514291,8,45,0,0,1,0,0,0,1,0
3728.4701735507283,18,36,0,0,0,1,0,0,0,1
2161.1394334172487,22,21,0,1,0,0,0,0,0,1
642.263612463841,6,39,0,0,0,0,1,1,0,0
1422.4606494646287,22,39,0,0,0,0,1,0,0,0
1818.5960705111822,1,72,0,0,0,1,0,1,0,0
3231.356620451348,5,54,0,0,0,0,0,0,1,0
2856.0376318212147,17,56,0,0,0,1,0,0,0,1
1783.7031458597419,5,51,0,0,1,0,0,1,0,0
4932.643667720934,12,50,0,0,0,0,0,0,0,0
3030.845222687651,18,61,0,0,1,0,0,0,1,0
1189.9478247212924,1,59,0,0,0,0,1,0,0,0
513.4034507389167,11,57,0,1,0,0,0,1,0,0
768.5314002257385,14,50,0,0,1,0,0,0,0,1
1233.5588532806182,13,29,0,0,0,0,1,0,0,1
807.6034594314806,5,19,0,0,0,1,0,1,0,0
936.9022851362723,17,76,0,0,1,0,0,0,0,0
1429.0503676257663,4,45,0,0,0,0,1,0,0,0
871.0011084973004,17,27,0,1,0,0,0,0,0,0
4484.343296008994,2,39,0,0,1,0,0,0,0,0
405.7675595799028,2,34,0,0,0,0,1,0,0,1
2624.934390903422,21,43,0,0,1,0,0,0,0,0
2054.9321508133594,21,20,0,1,0,0,0,1,0,0
4911.981191458489,9,24,0,0,1,0,0,1,0,0
564.6343163294215,18,61,0,0,1,0,0,1,0,0
1992.2887172334795,2,25,0,0,0,0,1,1,0,0
4847.504814210468,11,37,0,0,0,0,0,0,0,0
4328.2080938404315,15,29,0,0,1,0,0,0,0,1
4086.2749943916533,16,52,0,0,0,0,0,0,1,0
1293.2246210894746,6,34,0,0,0,1,0,0,0,0
858.5834990133787,12,45,0,0,1,0,0,0,1,0
3344.872883522533,23,58,0,0,0,0,0,0,0,1
4647.233065692291,1,27,0,0,0,1,0,0,0,0
2786.0306506045795,3,39,0,0,0,0,1,0,1,0
2860.2053839021496,9,55,0,0,1,0,0,0,0,1
1403.4955728331195,6,74,1,0,0,0,1,0,1,0
3848.617201293725,23,50,0,0,0,1,0,1,0,0
939.2835240448293,16,39,0,0,0,0,1,1,0,0
1621.7777858391971,19,61,0,0,0,0,1,0,0,1
2130.055010889002,5,54,0,1,0,0,0,0,0,1
2540.513841528853,18,30,0,0,0,1,0,0,1,0
1215.8366134133257,4,44,0,0,0,0,1,0,0,1
578.6099395723217,9,32,0,0,0,0,0,1,0,0
3055.0471119959548,8,39,0,0,0,1,0,1,0,0
1446.7096134350775,12,47,0,1,0,0,0,0,0,0
2908.284916005948,18,60,0,0,1,0,0,0,1,0
776.0417627946406,20,57,0,0,0,0,1,0,0,1
2408.2948087648133,23,54,0,0,0,0,0,0,0,1
2665.284215595171,5,51,0,1,0,0,0,0,0,1
263.8585664280224,3,61,0,0,0,1,0,0,1,0
1686.3383695786333,23,77,0,0,0,0,1,1,0,0
676.4013113101763,2,51,0,1,0,0,0,0,0,1
321.55797751147486,2,75,0,1,0,0,0,0,0,1
4949.851360787777,3,65,0,0,0,0,0,1,0,0
1615.1574556487412,4,70,0,0,1,0,0,0,0,1
4050.322857043901,7,52,0,0,1,0,0,0,0,0
1276.9300705450005,15,59,0,0,1,0,0,1,0,0
3409.1060975085265,21,36,0,0,0,1,0,1,0,0
3802.338160148984,2,25,0,1,0,0,0,1,0,0
2980.215509336182,23,56,0,0,0,1,0,0,0,0
2360.523061808041,11,50,0,1,0,0,0,1,0,0
2062.1453661656064,7,61,0,0,0,0,0,0,1,0
1747.5969913822614,12,78,0,0,0,0,0,0,1,0
4647.99807551789,3,45,0,0,0,1,0,0,1,0
4153.943941899707,13,54,0,0,0,1,0,1,0,0
4825.30941877923,13,65,0,0,0,0,0,1,0,0
625.8646313102959,12,42,0,0,0,0,1,1,0,0
3655.683038642203,5,53,0,0,1,0,0,0,0,0
4692.010581821084,16,34,0,0,1,0,0,0,1,0
910.2591654974724,3,41,0,0,0,0,0,0,0,1
337.1488554970536,7,38,0,0,1,0,0,0,0,1
3706.897643203845,16,19,0,0,0,0,1,1,0,0
2874.49320033366,2,48,0,0,0,0,1,0,0,0
4209.934739907569,16,61,0,1,0,0,0,1,0,0
703.163021248316,8,50,0,0,0,1,0,0,0,1
3977.3602227401516,1,47,0,0,1,0,0,0,1,0
1012.1284636384839,12,29,0,0,0,0,1,0,0,1
822.461434614194,19,61,0,0,0,1,0,0,1,0
825.5076606653097,1,29,0,0,0,1,0,0,1,0
4073.800727555754,19,68,0,1,0,0,0,0,0,0
3327.66011737752,10,74,0,0,0,1,0,0,0,1
2617.711796721751,21,66,0,0,0,1,0,1,0,0
1797.3582681968949,14,69,0,0,0,0,0,0,0,0
4386.616701361476,10,41,1,1,0,0,0,0,1,0
1965.2633115760636,22,41,0,1,0,0,0,0,0,1
4083.914200160528,2,75,0,0,1,0,0,1,0,0
2198.478868308241,2,77,0,0,0,1,0,0,0,0
1887.8374249774133,11,28,0,0,1,0,0,1,0,0
2316.085529419684,23,30,0,0,0,0,1,0,0,1
1510.3824814498896,4,44,0,0,0,1,0,1,0,0
3739.3088539803744,19,25,0,0,0,0,1,0,0,0
2516.0883485119334,6,27,1,0,0,0,0,1,0,0
1164.9024122583523,6,25,0,0,0,1,0,0,0,1
4498.37499350647,12,37,0,0,1,0,0,0,0,0
1922.536650759191,8,25,0,0,1,0,0,0,1,0
2720.046541264373,20,26,0,0,0,1,0,0,0,0
4532.828194267912,12,24,0,0,1,0,0,0,0,1
3123.0687895903907,11,31,0,0,0,1,0,1,0,0
588.9057133382786,12,45,0,1,0,0,0,0,1,0
4699.461457449308,23,19,0,0,1,0,0,0,1,0
3140.4017250917323,9,74,0,0,0,1,0,1,0,0
1677.8535452121453,0,60,0,0,0,1,0,0,0,1
700.6640029536194,7,25,0,0,1,0,0,0,0,0
3971.1558204051285,21,30,0,1,0,0,0,0,0,1
3102.263415862925,15,38,0,0,1,0,0,0,1,0
2669.638154421726,12,64,0,0,0,1,0,0,0,0
4469.993452339533,2,45,0,1,0,0,0,0,0,0
3944.043070066531,2,52,0,0,0,0,1,1,0,0
762.6160242650922,23,40,0,0,0,0,0,0,0,1
1562.0517286387635,4,63,0,0,1,0,0,0,0,0
1246.2032533732563,10,79,0,0,0,1,0,1,0,0
3721.0117314005215,6,32,0,1,0,0,0,0,0,1
172.49451150521801,20,19,1,1,0,0,0,0,1,0
2851.598975932226,23,78,0,0,0,0,1,0,1,0
3813.4811352747492,9,68,0,0,1,0,0,0,0,1
4384.444355624939,9,29,0,1,0,0,0,0,0,0
1713.6983348359577,19,74,0,0,0,0,1,0,0,0
4107.180236836704,1,69,0,0,0,1,0,0,1,0
557.6055260912601,2,53,0,0,0,0,1,0,1,0
4233.029197213918,7,20,0,0,1,0,0,0,0,0
641.8058683482521,10,22,0,0,0,0,1,0,0,1
1989.4500163490345,12,20,0,1,0,0,0,0,1,0
3987.4903520688704,6,74,0,1,0,0,0,0,0,0
753.8375496071251,12,64,0,0,0,0,0,0,0,1
1150.1107191870442,1,36,0,0,0,0,1,1,0,0
3612.651579123366,5,19,0,0,0,1,0,0,0,1
3601.5825000476416,8,61,0,0,1,0,0,0,0,0
3207.53242626206,19,54,0,0,0,0,0,0,0,1
3471.2724801131644,1,71,0,0,0,0,1,0,0,0
2715.908594521243,17,34,0,0,0,1,0,0,1,0
1262.736299240229,15,31,0,0,0,0,0,1,0,0
1731.7514875520776,11,45,0,1,0,0,0,0,1,0
912.0805954231212,6,44,0,0,1,0,0,0,1,0
4542.710553861473,6,71,0,0,0,0,1,0,0,0
2919.042014856772,16,27,0,0,0,1,0,0,0,0
2007.2528267343812,12,20,0,1,0,0,0,0,0,0
2312.7189892024426,10,53,0,0,0,0,0,0,0,0
4736.6802813610175,5,55,0,0,1,0,0,0,1,0
770.9902585648206,22,73,0,0,0,0,0,0,0,0
2933.218010923902,13,42,0,0,0,0,0,0,0,0
2531.9139510279074,5,39,0,0,0,1,0,0,1,0
3059.213905996066,5,65,0,1,0,0,0,1,0,0
95.46036818509835,1,56,0,0,0,0,1,1,0,0
4361.258925176036,21,64,0,0,0,1,0,0,0,1
4660.930821005644,19,47,0,0,1,0,0,0,1,0
2827.840252028099,14,38,0,0,0,0,0,0,0,0
3484.7708652650767,16,47,0,0,1,0,0,0,0,1
4612.884408980592,7,45,0,0,0,1,0,1,0,0
3537.656978395426,4,48,0,0,0,1,0,1,0,0
766.9325193567354,16,74,0,0,0,0,1,0,1,0
2883.5603590332316,19,69,0,0,0,0,0,0,0,0
3035.541656682365,0,43,0,0,0,1,0,0,0,0
2123.532703155418,21,60,0,0,1,0,0,0,0,1
3683.5389569454906,17,39,0,0,0,0,1,1,0,0
4672.163238771229,14,38,0,0,1,0,0,0,0,1
4628.214721969348,4,18,0,0,0,0,0,0,0,1
2256.94266016364,6,54,0,0,0,0,1,0,0,1
570.6240389745725,17,30,0,0,0,0,1,0,0,0
4924.281788816861,5,38,0,0,0,0,1,1,0,0
4195.295941797441,21,63,0,1,0,0,0,0,0,1
627.690092610318,20,26,0,0,0,0,1,1,0,0
4604.605203673775,4,34,0,0,1,0,0,1,0,0
4350.132328500331,18,64,0,0,1,0,0,0,0,1
2596.59609534473,9,38,0,0,0,0,0,0,0,1
2958.4208015459217,14,48,0,0,0,1,0,0,1,0
1998.0185058313007,9,56,0,0,0,1,0,0,0,0
278.5343859160465,15,76,0,1,0,0,0,1,0,0
1679.3102220212752,11,71,0,0,0,0,1,0,0,1
4015.252975747067,17,39,0,1,0,0,0,0,0,1
28.136954907991278,22,29,0,0,0,0,0,1,0,0
1670.8283625972651,0,72,0,0,0,0,0,0,0,1
1993.852624486762,15,23,0,0,0,1,0,0,1,0
2689.2910366749247,21,70,0,0,0,0,0,1,0,0
4599.678803981738,5,33,0,0,0,0,1,0,0,1
1734.9982418579764,2,43,0,0,1,0,0,1,0,0
1738.0312434716573,1,22,0,0,0,0,0,0,0,1
3688.818734308193,1,26,0,1,0,0,0,0,0,1
2263.828614744587,12,63,0,0,0,0,1,0,0,0
1126.9010905852099,8,57,0,0,0,0,0,1,0,0
2264.9353830828036,15,31,0,0,0,0,0,0,0,0
708.5808167971003,4,61,0,0,0,0,1,0,0,1
886.0529975985854,22,59,0,0,0,0,0,1,0,0
2494.347024833701,20,47,0,0,1,0,0,1,0,0
2097.5326202752167,6,69,0,0,0,1,0,0,1,0
4574.65527583516,12,69,0,0,0,0,1,0,1,0
1815.1575260875825,19,43,0,1,0,0,0,0,0,1
2905.038809638827,23,70,1,0,0,0,0,0,0,1
3163.160118158054,12,62,0,0,0,1,0,0,0,1
70.40681065872651,6,46,0,1,0,0,0,0,0,1
3319.3691732234693,9,36,0,1,0,0,0,0,1,0
894.2896545144084,14,64,0,0,1,0,0,1,0,0
4805.546235759928,20,25,0,0,0,1,0,0,0,0
747.5703251267992,5,40,0,0,0,0,1,1,0,0
2076.0474980164836,4,70,0,0,0,1,0,1,0,0
431.3215920528261,22,59,0,0,0,1,0,0,1,0
4984.386887970507,1,52,0,1,0,0,0,1,0,0
2513.464076604557,20,48,0,0,1,0,0,1,0,0
2978.9481615136187,14,70,0,0,1,0,0,0,0,1
340.04700455519526,15,52,0,0,0,1,0,0,0,0
3751.052549643893,18,49,0,0,0,1,0,1,0,0
1053.478437512451,8,75,0,0,0,0,0,1,0,0
4490.781175756365,21,22,0,1,0,0,0,0,0,0
1029.6725042076257,18,33,0,0,0,0,1,0,0,1
957.4851647150145,6,34,0,0,0,0,1,0,1,0
187.56559090123392,3,49,0,0,1,0,0,0,1,0
2362.9743908244463,2,55,0,1,0,0,0,1,0,0
2826.381460646769,23,75,0,0,1,0,0,0,0,1
333.21465394462007,19,49,0,0,0,0,1,0,1,0
3878.760445391578,10,69,0,0,0,1,0,0,1,0
2269.177729566398,0,37,0,1,0,0,0,0,1,0
2624.3293952912622,5,65,0,1,0,0,0,0,1,0
2206.6099209564495,10,73,0,0,0,0,0,0,1,0
2006.8114890722534,0,19,0,0,0,1,0,1,0,0
2800.4034548845484,20,37,0,0,0,1,0,0,1,0
780.425028423909,6,64,0,0,1,0,0,1,0,0
913.7310118238793,5,35,0,1,0,0,0,0,0,0
4309.619176962519,13,18,0,0,1,0,0,0,0,0
4730.846733357495,1,75,0,0,0,1,0,0,0,1
1869.680034817366,3,46,0,0,0,0,0,1,0,0
1357.3696423520512,10,46,0,1,0,0,0,0,0,1
3221.777718478884,14,36,0,0,0,1,0,0,0,0
2046.6271846349914,17,61,0,0,0,0,0,0,0,0
131.80484652342258,0,57,0,0,0,0,1,0,0,0
784.9822238441209,2,23,0,0,0,1,0,0,0,0
3581.2812830927505,2,61,0,0,0,0,1,0,1,0
3296.325089841206,6,56,0,0,1,0,0,0,0,0
140.34448255490003,0,67,0,0,0,0,1,0,1,0
1113.7509488550825,10,71,0,0,0,1,0,0,1,0
1159.2186089574166,5,63,0,0,0,0,1,0,0,1
3361.1042542756486,19,25,0,1,0,0,0,0,1,0
103.45413608304895,2,41,0,0,0,1,0,0,0,1
525.0223670129463,18,37,0,0,0,0,0,0,1,0
4000.5808464390807,1,71,0,0,0,0,1,0,1,0
896.8305869613964,17,31,0,1,0,0,0,0,0,0
3265.466808720114,11,22,0,0,1,0,0,1,0,0
1194.722991328399,9,58,0,0,1,0,0,0,1,0
501.7097568329291,4,57,0,0,0,0,1,1,0,0
1219.645094042273,8,51,0,0,1,0,0,1,0,0
3612.7233246190176,1,77,0,0,0,0,0,1,0,0
4279.203858190897,1,33,0,0,0,1,0,0,1,0
4151.948223512123,5,62,0,1,0,0,0,1,0,0
1988.9317304441818,9,24,0,0,0,0,1,0,1,0
3342.0852571703776,17,33,0,0,1,0,0,0,0,0
1028.8965556020257,11,24,0,0,0,1,0,0,1,0
1469.2729126537613,3,44,0,0,0,0,0,0,0,1
4482.197413512993,21,31,0,0,1,0,0,0,0,0
69.9446079361265,20,31,0,0,1,0,0,1,0,0
432.11511161806806,16,61,0,1,0,0,0,1,0,0
1043.3918444544065,14,50,0,0,0,0,0,0,0,1
137.52835834972947,5,50,0,0,0,0,0,0,0,0
911.2699982735376,15,61,0,0,0,0,1,0,0,1
2917.292597043612,16,37,0,1,0,0,0,1,0,0
2110.0156302095274,2,70,0,0,0,0,1,0,1,0
4463.89519682949,9,64,0,1,0,0,0,1,0,0
4088.1305908835125,4,53,0,0,0,0,0,0,0,1
1712.3776717308904,13,24,0,1,0,0,0,0,1,0
1300.820049989306,20,49,0,1,0,0,0,0,1,0
1901.5635787954982,12,65,0,1,0,0,0,1,0,0
2953.5232378614646,5,20,0,0,0,1,0,0,1,0
1343.9778859102669,11,56,0,0,0,1,0,0,0,0
3122.6237947064246,7,46,0,0,0,0,0,1,0,0
2050.0112026952456,4,41,0,1,0,0,0,1,0,0
2762.475668355641,14,39,0,0,0,0,0,0,0,0
2183.452013030907,15,23,0,0,0,1,0,1,0,0
1475.8564689118787,0,65,0,1,0,0,0,0,0,1
4742.524268275973,15,41,0,0,0,0,1,0,0,1
3819.210941828005,4,57,0,0,0,1,0,1,0,0
704.8653129534305,2,40,0,0,0,1,0,0,0,0
4342.997539610074,19,71,0,0,0,1,0,0,1,0
2439.7188352563207,14,55,0,1,0,0,0,0,0,0
4473.288373335987,12,27,0,0,1,0,0,0,0,1
4000.2770034568393,23,33,0,0,0,0,1,1,0,0
2128.941454823821,15,28,0,0,0,0,1,0,0,0
117.2341950589864,22,49,0,0,0,0,0,0,1,0
1347.0434101278056,10,62,0,1,0,0,0,0,1,0
2710.46290223103,20,78,0,0,0,1,0,0,1,0
3169.223708031606,1,23,0,0,1,0,0,0,1,0
1293.1489887388454,21,41,0,1,0,0,0,0,0,0
701.0835899937565,5,50,0,1,0,0,0,0,1,0
4175.4765328124995,5,70,0,0,1,0,0,0,0,1
4922.0888926142425,13,68,0,0,0,1,0,0,1,0
2630.8224606019157,10,29,0,1,0,0,0,0,0,1
862.538032812276,7,73,0,0,0,0,1,0,0,0
1365.175095964248,7,44,0,0,0,0,1,0,0,1
96.86142935459634,0,55,0,0,1,0,0,0,0,0
4571.922538769692,20,79,0,0,0,1,0,0,1,0
593.1666590362549,6,35,0,0,1,0,0,1,0,0
2884.6997951936964,5,62,0,1,0,0,0,0,0,1
1373.905827332594,20,56,0,0,0,0,1,0,0,1
2773.119122566388,7,72,0,0,0,0,0,1,0,0
3258.844839817562,18,30,0,0,1,0,0,0,0,0
4149.560309517472,21,70,0,0,0,0,0,0,0,0
1036.074252444213,20,57,0,0,0,0,0,0,1,0
59.924164149109984,23,47,0,0,0,0,1,0,0,1
688.7437221936923,19,70,0,0,1,0,0,0,0,0
4500.593116031285,7,66,0,0,0,0,0,0,1,0
4370.080937424764,13,58,0,1,0,0,0,0,0,0
2989.07844534069,17,69,0,0,0,1,0,1,0,0
3004.5817178660986,15,30,0,0,0,1,0,1,0,0
3326.858189358546,8,51,0,0,0,0,1,1,0,0
880.9795367241308,14,53,0,0,1,0,0,0,1,0
4572.487669895174,9,47,0,0,1,0,0,0,0,1
2096.758771835905,21,78,0,0,0,1,0,1,0,0
1918.7769486062398,15,42,0,1,0,0,0,1,0,0
2596.9939378877734,3,19,0,0,0,1,0,0,0,0
239.59500404139996,19,53,0,0,0,1,0,1,0,0
835.5854269366166,12,35,0,0,1,0,0,0,0,1
3691.4779140497203,21,22,0,0,0,0,0,0,1,0
418.5793462860067,4,36,0,1,0,0,0,1,0,0
3017.744786784609,21,59,0,0,1,0,0,0,1,0
1230.5188028581981,6,35,0,0,0,1,0,0,1,0
1949.5315921396727,22,79,0,0,0,0,0,0,0,1
1447.025215169646,8,74,0,1,0,0,0,0,0,0
1781.585218742421,7,49,0,0,0,0,1,0,0,0
3596.634296395306,15,38,0,1,0,0,0,0,1,0
1489.1229695377592,5,27,0,1,0,0,0,1,0,0
2834.1911782830016,15,54,0,0,0,1,0,0,1,0
2382.871758984503,5,66,0,0,0,1,0,0,0,0
3320.0374709864273,13,39,0,0,0,0,1,1,0,0
4684.464547927166,20,30,0,0,0,0,1,0,0,0
3664.1976255652003,0,72,0,0,0,0,1,0,0,1
1078.62719106083,8,34,0,0,1,0,0,0,0,0
160.75975963111694,23,26,0,0,1,0,0,1,0,0
1315.0089012776264,12,41,0,0,0,1,0,1,0,0
2977.414263847773,18,61,0,0,0,1,0,0,1,0
261.8719383538305,16,31,0,0,0,0,1,1,0,0
2484.3494047701756,10,63,0,0,1,0,0,0,0,1
2986.2300303398615,7,25,0,0,0,0,0,0,0,0
1674.5482346307192,22,72,0,0,1,0,0,0,1,0
3855.7064577103806,4,54,0,0,0,1,0,0,1,0
537.4582744031901,9,36,0,0,1,0,0,1,0,0
380.31321977036475,6,45,0,0,0,1,0,0,0,1
3642.3028372369986,9,63,0,0,0,0,1,0,1,0
2479.979124449961,3,58,1,0,0,0,1,0,0,1
3443.5699701565413,8,47,0,0,0,0,1,0,0,1
2176.9625563257123,13,24,0,0,0,0,0,0,0,0
1235.7781560293386,1,76,0,0,0,0,0,0,0,0
4096.416076782627,8,75,0,0,0,1,0,0,0,0
3998.0823154500513,20,43,0,1,0,0,0,0,0,1
3475.0088719178616,0,57,0,0,0,0,0,0,0,0
1364.3649604636637,22,63,0,0,0,1,0,0,1,0
2953.20218101109,9,71,0,0,1,0,0,0,1,0
1808.0646152154338,9,77,1,0,0,0,1,1,0,0
462.4524562665376,19,63,0,0,0,0,1,0,0,1
4586.981309433902,21,28,0,0,0,0,1,0,0,0
688.4090614402122,2,31,0,0,0,1,0,0,1,0
4751.435582334908,5,38,0,0,0,0,1,0,0,1
2232.798835924989,5,25,0,0,0,0,0,0,0,1
929.7389795489051,20,20,0,0,1,0,0,0,0,0
2711.7952321548987,1,45,0,0,0,0,1,0,0,1
4365.364450202659,17,78,0,0,0,1,0,0,0,0
3662.463307615758,22,46,0,0,1,0,0,0,0,0
4033.7729335679414,1,40,0,0,0,0,1,0,0,0
3295.622916720033,11,35,0,1,0,0,0,0,0,1
3462.921439766673,21,52,0,0,0,0,1,0,0,1
4246.73227956877,4,30,0,0,0,0,0,0,0,0
1252.0917042516337,19,29,0,0,1,0,0,0,0,1
2449.6776933974866,6,64,0,0,0,0,0,0,0,0
1109.941161888913,23,67,1,1,0,0,0,1,0,0
4938.4016999432515,15,22,0,1,0,0,0,0,0,1
4720.576401734634,19,56,0,0,0,0,0,0,0,1
201.93692278568696,0,28,0,0,1,0,0,1,0,0
3529.347986715864,0,75,0,1,0,0,0,1,0,0
4626.615345491251,16,76,0,1,0,0,0,1,0,0
906.973848911031,0,28,0,0,0,0,1,0,0,0
2841.886426610384,20,76,0,0,0,1,0,0,0,0
4577.864046452269,19,64,0,1,0,0,0,0,1,0
174.5601630360652,12,59,1,0,1,0,0,1,0,0
3488.6142348979656,8,64,0,0,1,0,0,0,1,0
1490.258291825891,14,48,0,0,0,0,1,0,0,0
4622.358995905769,2,48,0,0,1,0,0,0,0,1
4855.435934601012,13,30,0,0,0,0,1,1,0,0
4721.611113121602,22,31,0,1,0,0,0,0,0,1
2373.7000122040317,10,66,0,1,0,0,0,0,0,0
4310.90304169162,23,62,0,1,0,0,0,1,0,0
4223.524245682676,21,59,0,1,0,0,0,0,1,0
1598.9068638500619,11,42,0,0,0,1,0,0,1,0
4145.4327933826335,12,50,0,0,0,1,0,0,0,0
189.85313540388563,12,50,0,1,0,0,0,0,0,1
2983.368043017855,0,79,0,0,1,0,0,0,0,0
1153.8941422520768,23,32,0,0,0,0,1,0,0,1
607.2315944575076,9,33,0,0,0,0,0,0,0,0
389.38124213789973,2,61,0,0,0,0,1,0,1,0
3482.9624355113083,23,75,0,0,0,0,0,0,0,1
1702.6754440214904,3,73,0,0,0,0,0,0,0,0
3625.2100237861637,15,55,0,1,0,0,0,1,0,0
331.45492229071715,7,23,0,0,0,0,0,0,1,0
1579.8752374638987,15,61,0,1,0,0,0,0,1,0
2699.7590054148095,16,42,0,0,0,1,0,1,0,0
3954.662208370623,18,32,1,0,1,0,0,0,0,0
1597.1687521456893,21,21,0,0,0,0,0,0,0,1
3131.3274253028603,14,73,0,0,1,0,0,0,1,0
4430.458852439755,15,21,0,1,0,0,0,0,0,0
3081.2366249706115,14,47,0,0,0,0,0,1,0,0
1168.6325763944008,1,51,0,0,0,0,1,0,0,1
126.88190387490741,10,44,0,0,0,1,0,0,0,0
4351.143875135145,0,48,0,0,0,1,0,0,0,0
111.24070719768376,14,73,0,0,0,0,0,0,1,0
4374.134855057576,18,49,0,0,0,1,0,0,1,0
2647.040984465924,3,61,0,0,0,0,1,0,0,1
4695.643154071917,10,56,0,0,1,0,0,0,0,0
3994.9222626894584,4,69,0,0,0,0,1,1,0,0
4989.68088211402,2,26,0,0,0,1,0,1,0,0
1756.8055181812922,12,58,0,0,1,0,0,0,0,1
3837.105503210979,9,25,0,0,0,0,1,0,0,0
2012.6449134781647,10,31,0,1,0,0,0,0,1,0
2401.978723418025,17,50,0,1,0,0,0,0,0,0
3139.3897887757585,1,40,0,0,1,0,0,0,1,0
4369.017185360762,6,38,0,0,1,0,0,1,0,0
4920.496928650479,8,72,0,0,1,0,0,0,0,1
3842.5257022532683,9,29,0,1,0,0,0,0,0,1
2091.745076925832,17,74,0,0,0,0,1,0,0,1
2109.6782263739656,22,19,0,0,1,0,0,0,1,0
3689.223596436513,6,30,0,1,0,0,0,1,0,0
1197.69184311267,6,79,0,0,1,0,0,1,0,0
556.8181950913163,2,76,0,0,1,0,0,0,0,1
1776.3376774156789,11,21,0,0,1,0,0,0,0,1
1439.7587633121382,6,37,0,1,0,0,0,0,1,0
1485.0590616776706,16,67,0,0,0,0,1,0,1,0
1171.8707164943,0,68,0,1,0,0,0,0,0,0
215.25548223362762,4,65,0,1,0,0,0,0,1,0
94.28030399340199,15,76,0,0,1,0,0,0,0,0
4938.673336731477,14,31,0,0,0,0,0,0,0,1
2141.7268030106325,1,47,0,0,0,0,0,1,0,0
1924.7116025626099,8,46,0,0,0,0,0,0,1,0
3399.838177051884,6,25,0,1,0,0,0,1,0,0
1095.1781698859954,3,29,0,0,1,0,0,0,1,0
4750.056113831375,19,58,0,0,0,0,0,0,1,0
3932.7933470056823,17,55,0,0,0,1,0,0,0,0
451.6079565497363,20,43,0,0,0,1,0,0,1,0
2090.815975045717,3,67,0,0,0,1,0,0,0,1
4396.195946273013,12,19,0,0,0,0,1,1,0,0
4723.936451345595,0,72,0,0,1,0,0,0,1,0
2339.670548693099,23,57,0,1,0,0,0,1,0,0
3068.989889107485,2,73,0,1,0,0,0,1,0,0
839.3345607299158,15,31,0,0,1,0,0,1,0,0
4955.887287554197,21,23,0,0,0,0,1,0,1,0
1162.2001484102998,3,59,0,0,1,0,0,0,0,0
4713.945211804953,22,57,0,0,0,0,1,1,0,0
3249.9850117168803,15,79,0,0,0,0,0,1,0,0
3040.6452904199014,18,48,0,0,0,0,0,0,1,0
2565.87911252746,0,34,0,0,0,0,1,0,1,0
1157.1957095302046,4,42,1,0,1,0,0,0,0,1
886.7575198675138,18,78,0,0,0,0,0,0,0,1
1106.328614305526,21,49,0,0,1,0,0,0,0,0
936.2591194105513,23,29,0,0,0,0,0,0,0,0
3899.024445465933,10,66,0,0,1,0,0,0,0,0
1753.8756695378167,12,30,0,0,1,0,0,0,0,0
293.92416943416487,19,36,0,0,0,1,0,1,0,0
4845.6676375533525,4,61,0,0,0,0,1,0,1,0
4419.510495392311,20,65,0,1,0,0,0,0,0,1
4639.122654560088,3,42,0,0,0,0,1,1,0,0
4974.564574118945,3,48,0,0,1,0,0,0,1,0
873.606769851339,3,76,0,0,1,0,0,0,1,0
1984.2288844187806,3,54,0,0,0,0,1,1,0,0
3792.4011861419363,19,42,0,0,1,0,0,1,0,0
3481.6229871786923,20,33,0,0,0,0,0,0,0,1
773.710052167576,17,74,0,0,1,0,0,0,0,0
4080.086459328136,17,55,0,0,0,0,1,0,0,0
1126.08065632412,15,60,0,0,0,0,1,0,0,1
1122.9689860390022,8,66,0,0,0,0,1,0,0,1
2687.1872423526006,17,75,0,0,0,1,0,0,0,0
2966.734974534307,21,40,0,0,0,1,0,1,0,0
2902.530608149867,1,31,0,0,0,1,0,0,0,0
461.9767528017856,20,23,0,0,0,1,0,0,1,0
4387.91700883875,3,42,0,0,0,1,0,0,1,0
1331.6722127305868,11,40,0,0,0,1,0,0,0,1
651.9270318076068,6,79,0,0,0,1,0,0,0,0
4444.296658945541,14,77,0,0,0,0,1,0,0,0
4778.479233657618,6,60,0,1,0,0,0,0,1,0
4311.327448240926,21,29,0,0,0,1,0,0,0,0
4048.532793250766,20,30,0,0,0,0,1,0,0,1
3277.9336932919136,16,53,0,1,0,0,0,0,0,1
2756.532566192651,15,56,0,0,0,1,0,0,1,0
439.49886575749366,18,51,0,1,0,0,0,0,0,0
2045.22379928814,8,23,0,1,0,0,0,0,0,0
1866.5791424765084,13,55,0,0,0,0,0,0,1,0
1302.4701498828294,16,67,0,0,1,0,0,1,0,0
3618.483467874482,4,79,0,0,0,0,0,1,0,0
2481.8992967184604,1,69,0,1,0,0,0,0,0,0
409.82584845870144,19,57,0,0,0,0,1,0,0,1
1104.8150937393077,15,25,0,0,0,1,0,1,0,0
3417.8775244796816,13,78,0,0,1,0,0,0,0,0
385.2736431540494,13,25,0,0,0,1,0,1,0,0
4256.778535673599,0,57,0,0,0,0,1,0,1,0
2478.2569024348018,2,50,0,0,1,0,0,1,0,0
2405.5299537466067,6,51,0,0,0,0,0,1,0,0
2964.0768843742903,14,61,0,1,0,0,0,0,1,0
4124.2814247961205,18,32,0,0,0,0,1,0,0,1
1742.3069934714542,19,53,0,1,0,0,0,0,0,0
3391.6906820325225,1,77,0,1,0,0,0,0,0,1
2830.831160158976,18,74,0,0,0,1,0,0,0,1
1338.8062094962595,8,52,0,0,0,0,1,1,0,0
4393.756781844014,18,63,0,1,0,0,0,0,0,0
3988.142977926606,4,39,0,0,0,0,0,1,0,0
3293.966914118835,17,40,0,0,1,0,0,0,1,0
4253.655736825738,15,57,0,0,0,0,1,0,0,1
4337.134533794213,3,62,0,0,0,1,0,0,0,1
3543.273068691599,11,72,0,0,0,0,1,0,1,0
4185.881575176541,6,68,0,0,0,1,0,0,0,0
3488.8699510380716,13,39,0,0,1,0,0,0,0,1
3402.3031549427005,22,22,0,0,0,0,0,0,0,1
3094.9638341848454,11,48,0,1,0,0,0,0,0,0
3764.819614590418,2,30,0,0,0,0,1,1,0,0
797.2325009389032,4,45,0,0,0,1,0,0,1,0
4404.949442198647,16,75,0,0,1,0,0,0,0,0
4359.858421087434,9,37,0,1,0,0,0,0,1,0
151.09017875762294,9,50,0,0,1,0,0,0,1,0
4129.954669070989,10,33,0,0,0,0,0,0,0,1
648.7049880298588,16,79,0,1,0,0,0,0,0,0
1678.9186770244137,4,46,0,1,0,0,0,0,1,0
3718.823740176581,12,40,0,1,0,0,0,1,0,0
807.9956807612995,9,41,0,0,0,1,0,0,1,0
4090.7452854747157,8,51,0,1,0,0,0,0,0,1
4161.510218898921,16,24,0,0,1,0,0,1,0,0
2539.8013301353767,0,55,0,0,0,1,0,1,0,0
36.897429225583736,3,54,0,1,0,0,0,0,0,0
1438.7554752086894,3,78,0,0,1,0,0,1,0,0
3086.5499572868325,17,21,0,0,1,0,0,0,0,0
4906.02495924698,8,51,0,0,0,0,1,0,0,0
3160.9085674482585,17,59,0,0,1,0,0,1,0,0
1302.718887415478,13,39,0,0,0,0,0,0,0,0
3171.8584869825586,14,22,0,1,0,0,0,0,0,0
2702.226971680698,5,67,0,1,0,0,0,1,0,0
3900.3277487799623,23,59,0,1,0,0,0,0,0,1
539.3682909406573,9,40,0,0,1,0,0,0,1,0
3806.33437299763,14,71,0,0,1,0,0,0,0,0
2708.626560487171,3,77,0,1,0,0,0,0,0,0
4815.145059275678,17,32,0,0,0,1,0,1,0,0
1712.651469363237,17,48,0,0,0,1,0,0,1,0
3164.946356204071,16,76,0,0,0,0,0,0,1,0
4660.480387022537,11,26,0,0,0,0,1,0,0,0
517.0360913134429,6,60,0,0,0,0,0,1,0,0
4686.456293746073,15,75,0,1,0,0,0,0,0,1
3440.989182892563,10,70,0,1,0,0,0,0,1,0
343.84611023033364,13,42,0,1,0,0,0,0,0,1
1508.313016899347,2,42,0,0,0,0,1,1,0,0
3542.3195827831814,18,78,1,0,1,0,0,0,0,1
341.4162543365146,17,66,0,0,0,0,1,1,0,0
2912.941448580485,9,38,0,0,0,0,0,0,0,0
1732.685869480019,5,26,0,0,1,0,0,0,0,1
3106.473011248548,12,72,0,0,1,0,0,0,0,0
233.4814588935017,9,65,0,0,0,0,0,0,0,0
4358.32634673112,17,55,0,0,1,0,0,1,0,0
4867.577401041098,19,39,0,0,0,1,0,0,0,1
4844.544887152029,15,60,0,0,0,0,0,0,1,0
3749.510899555909,5,40,0,0,0,0,0,0,0,1
654.7807694525067,12,66,0,0,0,1,0,0,1,0
3792.524663665468,3,21,0,0,0,0,1,0,0,0
127.81164771171355,22,46,0,0,0,0,1,0,0,0
115.50713988734128,13,32,0,0,0,0,1,1,0,0
1621.4330446519584,0,18,0,0,1,0,0,0,1,0
2445.7727360713056,19,71,0,0,0,1,0,0,0,1
3853.185051949927,4,47,0,0,0,0,0,1,0,0
3418.0604061494932,7,46,0,0,0,0,0,1,0,0
2232.284018351858,11,37,0,0,0,0,0,1,0,0
1371.765198076921,1,50,0,0,1,0,0,0,0,1
4985.636878287767,11,58,0,0,1,0,0,1,0,0
2133.775604668685,4,61,0,0,0,0,1,0,0,1
2259.678186526729,21,53,0,0,1,0,0,1,0,0
822.3009868523876,4,77,0,0,0,0,1,0,1,0
3975.073696005897,12,39,0,0,0,0,1,0,0,0
3469.9427177785356,8,30,0,0,0,0,0,0,1,0
1107.744215879858,9,24,0,0,1,0,0,0,1,0
416.4933228511343,0,25,0,0,0,0,1,1,0,0
3404.094013863192,2,45,0,0,0,1,0,0,1,0
3274.2835153342703,17,62,1,0,0,1,0,0,1,0
1369.9313373560556,11,60,0,0,1,0,0,0,1,0
4754.5634934408,2,26,0,0,0,0,0,1,0,0
759.5341694455967,8,42,0,0,0,0,0,0,0,1
2164.5123312077967,1,73,0,0,0,0,1,0,0,0
4718.361521237156,2,33,0,0,1,0,0,0,0,0
2101.537948045981,13,27,0,0,0,1,0,0,0,1
3194.437108582107,3,28,0,0,0,0,1,0,0,1
1990.9840178241575,18,48,0,0,0,0,1,0,1,0
1374.7049357316068,12,29,0,1,0,0,0,0,0,0
4919.968351559342,6,77,0,0,1,0,0,0,0,1
2049.62336154364,11,48,0,0,0,0,1,0,1,0
4471.0255223772765,2,31,0,0,0,1,0,0,0,0
1153.6232564259756,22,68,0,1,0,0,0,1,0,0
1069.457996605291,22,61,0,0,0,1,0,1,0,0
160.51474400813424,8,49,0,0,0,0,0,0,0,0
3260.075792752546,1,67,0,1,0,0,0,0,0,0
1845.789086900187,21,70,0,1,0,0,0,1,0,0
4322.469457948987,8,34,0,0,0,0,1,1,0,0
2368.683483924328,11,52,0,0,0,0,0,0,0,0
4841.126172434035,11,18,0,0,0,0,1,0,1,0
931.6999509370901,14,46,0,0,1,0,0,0,0,1
4343.772723938276,1,68,0,0,0,1,0,0,0,1
3884.10127969475,17,78,0,0,0,1,0,0,0,0
3855.7546139970395,12,21,0,0,0,0,1,0,0,1
4224.692224443854,13,40,0,0,0,1,0,1,0,0
3806.3148347602796,4,45,0,0,0,1,0,1,0,0
3132.9705065489197,9,33,0,0,1,0,0,0,0,1
660.5681640235259,11,29,0,0,0,0,0,0,0,0
167.46826655880332,9,70,0,1,0,0,0,1,0,0
4604.634999839356,23,38,0,0,0,0,1,0,1,0
3085.1683210310866,10,62,0,0,0,0,1,0,1,0
3983.703768426001,1,34,0,0,1,0,0,1,0,0
2410.2041458051876,4,57,0,0,1,0,0,1,0,0
590.9544038671604,6,30,0,1,0,0,0,0,0,1
630.3030320517395,5,69,0,0,0,0,0,0,0,0
3429.398609708712,21,75,0,0,0,0,1,0,0,1
2154.377945022816,22,49,0,0,1,0,0,0,0,0
1006.6210098681819,2,54,0,0,0,0,1,0,1,0
2460.514760973477,12,67,0,0,0,1,0,0,1,0
325.72364069029476,2,32,0,0,0,0,1,0,0,0
2911.9471525624217,23,29,0,0,0,0,0,0,0,1
1348.6220551533129,20,78,0,0,0,0,0,1,0,0
3988.807707682755,5,66,0,0,0,0,1,0,0,0
1555.257984823251,10,74,0,0,0,1,0,0,0,1
2278.824644663597,16,32,0,0,0,0,0,0,1,0
63.044596840962676,9,51,0,0,1,0,0,1,0,0
366.8722045338216,11,23,0,0,0,0,1,0,1,0
1965.5053142513907,16,34,0,0,0,1,0,0,0,0
2402.2944794120317,3,65,0,0,1,0,0,0,1,0
3002.1026378559222,1,66,0,0,0,0,1,0,1,0
1461.8545806529696,10,74,0,0,0,1,0,0,0,0
3476.43452120208,6,37,0,0,1,0,0,1,0,0
4301.311373960077,1,26,0,0,0,0,0,0,0,0
3900.3556895222823,17,76,0,0,0,0,1,0,0,1
202.89603261504394,20,22,0,0,0,0,1,0,0,0
2405.1322015528553,3,40,0,0,0,0,0,0,0,0
529.1262411987834,7,50,0,1,0,0,0,1,0,0
1214.0148542333247,19,55,0,0,1,0,0,0,0,1
4933.379653369397,13,73,0,0,0,0,0,0,1,0
716.7652367930585,11,31,0,0,0,0,1,0,1,0
2496.9463264895235,21,34,0,0,1,0,0,0,1,0
3092.6878929190048,20,74,0,0,1,0,0,0,1,0
3513.8125278677994,17,36,0,1,0,0,0,1,0,0
2800.4451740171357,10,50,0,0,0,0,1,0,0,1
53.80538285882238,7,18,0,0,0,1,0,1,0,0
1635.6742346787394,1,30,0,1,0,0,0,0,0,0
2590.9696587066337,14,63,0,1,0,0,0,0,0,1
443.89316322844263,8,44,0,0,0,1,0,0,0,1
1756.3815213898579,18,23,0,0,0,1,0,0,1,0
170.849528412876,19,76,0,1,0,0,0,0,1,0
397.49959328932863,7,23,0,0,1,0,0,0,1,0
1987.6317646269724,18,50,0,0,0,0,0,0,1,0
667.9151914450864,4,47,0,0,0,0,0,0,0,0
2839.866537066483,10,63,0,1,0,0,0,0,1,0
3448.8775208406423,14,52,0,0,1,0,0,1,0,0
4003.930562049869,7,40,0,0,0,1,0,0,0,1
1004.7504700028264,18,27,0,1,0,0,0,0,0,0
841.5754983840534,22,68,0,0,0,0,1,0,0,0
527.3163624703293,7,36,0,0,1,0,0,0,0,1
3183.9690964704655,18,68,0,0,0,0,1,0,0,1
3533.8462538020713,17,45,0,0,0,0,1,0,0,1
162.77279340408197,9,40,0,1,0,0,0,0,0,0
4681.380169987231,6,21,0,0,1,0,0,1,0,0
264.5965618391047,8,37,0,0,0,0,1,1,0,0
2708.775194828847,0,36,0,0,1,0,0,0,0,1
3546.7572946573273,18,59,0,0,0,0,0,0,0,0
4355.490773111697,4,44,0,0,0,0,1,0,1,0
3571.8642260014767,18,74,0,0,0,0,1,0,0,0
4009.6317749336104,0,51,0,0,1,0,0,0,0,1
1700.5537117513163,14,21,0,0,0,0,0,0,0,0
4075.0514431638285,15,73,0,0,0,0,1,0,0,0
405.1736576914523,22,55,0,1,0,0,0,0,0,0
4474.609197022335,6,79,0,0,1,0,0,0,1,0
2740.2239188879125,11,24,0,0,1,0,0,0,0,1
4087.402360962656,7,65,0,0,0,0,1,0,0,1
2264.329831168909,4,78,0,0,0,0,0,0,0,1
3219.6705875066423,9,24,0,0,0,0,1,1,0,0
2634.3812913758857,20,67,0,0,0,1,0,1,0,0
3659.2896611678825,4,69,0,0,0,0,1,0,0,1
412.74176024279495,16,43,0,0,0,1,0,0,0,0
306.4586595328662,4,43,0,1,0,0,0,0,0,0
1239.2806538806815,21,71,0,0,1,0,0,0,0,1
801.9256771653758,14,36,0,0,1,0,0,0,1,0
4359.558915128047,12,26,0,0,0,0,0,0,1,0
1099.9738668534314,0,78,0,0,0,0,1,0,0,0
4879.446952816561,10,37,0,1,0,0,0,0,0,0
1687.7944798966787,22,59,0,0,0,1,0,1,0,0
914.6789888650529,0,62,0,0,0,0,0,0,1,0
3949.5440431766833,10,67,0,1,0,0,0,0,0,0
3295.245338626876,17,33,0,1,0,0,0,0,0,0
2493.4876036834294,17,71,0,0,0,1,0,0,0,1
2779.040936933468,20,34,0,0,0,1,0,1,0,0
3597.412882469958,15,39,0,0,1,0,0,0,1,0
1146.131432949837,12,30,0,0,0,0,1,0,1,0
4981.687910703426,6,29,0,0,0,0,0,1,0,0
4874.091844923182,0,27,0,0,0,0,1,0,0,0
3253.3768033029496,15,18,0,0,0,0,0,0,1,0
1001.7145423910799,0,49,0,1,0,0,0,0,1,0
3402.7400709443,16,47,0,0,0,1,0,0,1,0
365.63105285098334,5,25,0,0,0,1,0,0,0,1
158.1092485180013,1,38,0,1,0,0,0,1,0,0
1292.1260281135123,16,39,0,1,0,0,0,0,1,0
2315.801668912885,5,35,0,0,0,0,0,1,0,0
4342.021164514861,13,19,0,1,0,0,0,0,0,0
3637.2095034827084,17,65,0,0,0,0,0,1,0,0
3714.8190733939055,5,61,0,0,0,0,1,0,0,1
2130.3392055681365,9,26,0,0,0,1,0,0,0,1
1732.9452877720798,23,20,0,0,0,1,0,1,0,0
1858.3386211080906,17,71,0,0,0,1,0,0,0,1
4938.309570861609,8,43,0,0,0,0,1,0,1,0
205.34541110535,7,38,0,0,0,0,1,0,0,1
4335.822323131631,9,47,0,0,1,0,0,0,0,0
2895.483665819105,16,45,0,0,0,0,0,1,0,0
2195.8840188520044,22,53,0,0,0,0,0,1,0,0
3627.6620137736068,5,43,0,0,1,0,0,0,0,0
2435.9113624163906,13,51,0,0,0,1,0,0,0,0
4367.749074217894,21,25,0,0,0,0,0,0,0,0
4504.0058107362365,21,27,0,0,0,0,0,0,0,0
2111.49602973291,5,65,0,0,0,1,0,0,1,0
1387.7548471890825,6,72,0,1,0,0,0,0,0,1
2963.789891323844,11,60,0,1,0,0,0,0,0,1
4562.254911355371,2,67,0,0,1,0,0,0,1,0
1057.2576340833045,13,71,0,0,0,0,1,0,0,0
3116.7180848995963,21,31,0,0,0,0,0,1,0,0
3159.64329936214,18,57,0,0,0,0,0,1,0,0
3666.8995469643287,22,72,0,0,1,0,0,1,0,0
662.1805872106627,15,32,0,0,1,0,0,0,0,0
3580.5456985870323,6,34,0,0,0,0,0,0,1,0
4545.617440724876,7,70,0,0,0,1,0,0,1,0
902.5171288068586,17,35,0,0,0,1,0,0,1,0
1191.5289079947688,12,49,0,0,0,0,1,0,0,1
4857.11849473799,20,55,0,0,0,0,0,0,0,1
908.9798787839014,8,40,0,0,0,0,0,0,0,1
4272.653541381048,9,79,0,0,0,0,0,0,0,1
2463.9278929579336,20,63,0,0,0,0,0,1,0,0
1239.9192166438693,22,40,0,0,1,0,0,1,0,0
4354.395756856195,8,52,0,1,0,0,0,0,1,0
2229.299748738314,14,56,0,0,0,0,0,0,0,1
2576.5126828788025,19,32,0,1,0,0,0,0,1,0
1799.3706801518297,1,70,0,0,0,1,0,0,0,0
2966.7895029174624,12,41,0,0,0,0,1,0,0,1
821.8017435621887,1,45,0,0,0,1,0,0,0,1
1958.4522755755447,18,33,0,0,0,0,0,0,1,0
4847.214550064761,1,33,0,0,0,1,0,0,1,0
1294.376496342132,2,57,0,0,1,0,0,0,0,0
3285.3996393837547,5,56,0,1,0,0,0,0,1,0
1629.3243708023508,2,23,0,0,0,0,0,0,0,1
3868.4982628045705,9,19,0,0,1,0,0,1,0,0
658.7139352881574,23,71,0,1,0,0,0,0,0,0
4849.256120167331,5,30,0,0,1,0,0,0,0,0
2271.6787592112782,22,61,0,0,0,1,0,0,0,1
1184.0720644155874,15,64,0,0,0,0,0,1,0,0
372.11625291341323,16,76,0,0,0,1,0,0,1,0
852.940735912266,18,26,0,0,0,0,1,0,1,0
2601.2708730373083,2,51,0,0,0,0,0,1,0,0
1688.330866274275,17,34,0,0,0,1,0,1,0,0
4145.272412583634,6,44,0,0,0,0,0,0,0,1
2157.2831806907207,8,46,0,1,0,0,0,0,1,0
1247.3277915752114,19,54,0,0,0,0,0,0,0,1
3087.63920808713,11,60,0,0,0,0,0,0,1,0
3535.352198342802,4,39,0,1,0,0,0,0,1,0
839.3743299652446,2,68,0,0,0,1,0,1,0,0
842.2579853601467,10,41,0,0,0,0,0,0,0,1
188.17377753304714,3,24,0,0,1,0,0,1,0,0
3683.3280652528742,4,51,0,0,0,0,0,0,0,1
3320.7036154709162,0,65,0,0,0,1,0,0,1,0
2375.78122437032,17,29,0,1,0,0,0,0,0,0
4221.63139260114,11,40,0,0,0,1,0,0,0,0
4029.3224139855156,12,32,0,0,0,0,1,0,0,1
2928.845050161777,8,50,0,0,0,0,0,0,0,1
4342.015046163727,1,74,0,0,0,0,0,1,0,0
1033.1768441336574,4,30,0,1,0,0,0,0,1,0
564.0384988916508,12,40,0,0,0,0,0,0,0,0
1352.3993095273631,15,55,0,0,1,0,0,1,0,0
290.14884616612767,15,49,0,0,1,0,0,0,0,1
2658.191792365155,23,62,0,0,0,1,0,0,1,0
4683.345433013333,2,67,0,1,0,0,0,1,0,0
201.5209856392057,21,52,0,0,0,0,1,1,0,0
614.9390204800839,3,18,0,0,0,1,0,0,0,1
2263.734146275759,10,64,0,1,0,0,0,0,1,0
4669.705712551885,22,75,0,1,0,0,0,0,0,0
1584.1997443588689,13,62,0,0,0,1,0,1,0,0
2538.6378693985203,2,22,0,0,0,1,0,0,0,1
212.65643095670853,15,74,0,0,0,0,0,1,0,0
745.9742888056338,21,30,0,0,0,0,1,0,0,1
4933.21746417944,14,71,0,0,1,0,0,0,0,1
4825.7678886980475,9,22,0,0,0,0,0,0,0,1
29.67520476737603,8,77,0,1,0,0,0,0,1,0
4759.299868189079,10,49,0,0,0,0,1,0,0,0
3197.4040893884244,15,68,0,0,0,0,1,0,1,0
4340.25188112751,9,38,0,0,0,1,0,0,0,0
2276.4255788911264,16,41,0,0,0,0,1,0,0,1
2580.402162753355,18,77,0,0,0,0,1,0,0,0
2446.7886683833162,1,35,0,1,0,0,0,0,1,0
3335.986966442791,23,38,0,0,0,0,0,1,0,0
702.558017507783,22,71,0,0,0,0,1,0,1,0
154.7180814140264,1,27,0,0,0,1,0,0,1,0
1543.1100582479987,5,41,0,0,0,0,0,0,1,0
3524.8804098695505,18,57,0,0,0,1,0,0,1,0
1013.257993354127,7,64,0,0,0,0,1,0,1,0
3368.795004457962,2,38,0,0,0,0,0,0,0,0
4849.710670305816,13,42,0,0,0,0,1,0,0,0
474.03407536814484,15,69,0,1,0,0,0,1,0,0
3364.647580534506,0,77,0,0,0,0,0,0,1,0
2221.532345426333,20,74,0,0,0,1,0,0,1,0
4341.370560615639,2,76,0,1,0,0,0,1,0,0
889.8631982896926,21,40,0,0,1,0,0,1,0,0
3464.666631369692,17,39,0,0,0,1,0,0,0,1
4191.38587179231,8,21,0,0,0,0,1,1,0,0
4723.348026272746,5,51,0,0,0,1,0,1,0,0
3417.823901306781,22,73,0,0,1,0,0,1,0,0
2488.3879462220943,20,23,0,0,0,1,0,0,0,1
3091.1469648050634,0,45,0,1,0,0,0,0,0,0
4345.1803974711975,20,48,0,0,0,1,0,0,0,1
2855.1956844609545,9,52,0,0,0,0,0,0,0,0
156.78336318570013,5,56,0,0,1,0,0,1,0,0
4655.0887340573545,22,59,0,0,0,1,0,0,0,1
3449.186121402648,11,40,0,0,1,0,0,0,0,1
3384.1843619573465,3,23,0,1,0,0,0,0,0,0
1082.2973862265974,12,33,0,0,0,0,0,0,0,1
3296.1329238121225,16,19,0,0,0,0,1,0,0,1
1972.3527062425217,7,41,0,0,0,1,0,0,1,0
3257.908720322253,19,34,0,1,0,0,0,0,0,0
537.4321863884137,2,62,0,0,1,0,0,0,0,1
3290.937296492165,11,18,0,0,1,0,0,0,0,1
4997.071560224479,6,23,0,1,0,0,0,1,0,0
245.81913410847736,11,22,0,0,0,1,0,0,1,0
4885.98505018548,1,74,0,0,0,0,1,0,1,0
2037.5052638107386,23,62,0,0,0,1,0,1,0,0
4354.413484434609,13,77,0,0,0,0,0,1,0,0
3913.015492871076,21,72,0,0,0,1,0,1,0,0
2837.2462236284055,22,67,0,0,0,0,0,1,0,0
3693.553800210376,4,46,0,0,1,0,0,0,1,0
4393.185228700233,8,29,0,0,0,0,0,0,0,1
2023.6809066469098,20,56,1,0,0,0,1,0,0,1
1638.5306420083773,10,64,0,1,0,0,0,1,0,0
3339.6289608901056,4,20,0,0,0,0,0,0,0,0
4040.1904799965864,2,65,0,0,0,1,0,1,0,0
3812.6142482091955,16,18,0,0,0,0,0,0,0,1
3990.079176048879,1,44,0,0,1,0,0,0,0,0
2180.7386574906004,23,65,0,0,0,0,0,1,0,0
4090.081909794233,0,41,0,0,0,0,1,0,0,0
605.4442315761892,6,79,0,0,0,0,0,1,0,0
2724.7230443144435,13,61,0,0,0,0,1,0,1,0
33.764509188117245,4,36,0,0,0,1,0,0,0,1
1626.30622035185,18,76,0,0,1,0,0,1,0,0
1835.4753666826323,10,25,0,1,0,0,0,0,0,0
1983.8825945882306,22,72,0,0,0,1,0,0,0,1
3478.8586974158616,1,61,0,0,0,1,0,1,0,0
1945.847715845377,7,64,0,1,0,0,0,1,0,0
2246.2246449995405,8,19,0,0,0,0,0,1,0,0
1191.5329337172657,2,78,0,0,0,0,0,1,0,0
1869.3926991885537,1,47,0,0,0,0,0,0,1,0
1140.2117881794416,6,47,0,0,1,0,0,0,0,1
370.61363922337597,4,66,0,0,0,1,0,0,1,0
3019.225723939983,20,56,0,0,0,0,1,0,0,1
3342.722928782306,4,62,0,1,0,0,0,1,0,0
3099.3542783180246,19,49,0,0,0,1,0,0,0,1
2320.152748783859,12,18,0,0,0,0,0,0,0,0
1902.029971995253,20,55,0,1,0,0,0,0,0,1
4317.351579611267,19,30,0,0,0,0,1,0,0,0
2597.813516755409,5,28,0,0,0,1,0,0,0,0
2398.513478760506,19,27,0,0,0,1,0,0,1,0
133.08211870314625,17,65,0,0,1,0,0,0,0,1
1709.5328989926509,1,76,0,0,0,1,0,1,0,0
1904.077115835356,5,43,0,0,0,1,0,0,0,1
1997.119790580018,8,73,0,0,0,0,1,0,1,0
2902.9609842905247,2,72,0,0,0,0,1,0,0,0
2670.3447209007577,0,37,0,1,0,0,0,0,0,0
3041.485938503256,0,34,0,0,0,0,0,0,1,0
3825.5918914029307,18,34,0,0,0,0,1,0,1,0
4065.863764886887,4,21,0,1,0,0,0,0,0,1
3592.0247657513396,12,22,0,0,0,1,0,0,0,0
4777.840861294899,18,77,0,1,0,0,0,0,1,0
96.07175046842634,11,40,0,1,0,0,0,0,0,1
982.9110384893128,15,63,0,1,0,0,0,0,0,1
42.77656051581989,18,69,0,1,0,0,0,1,0,0
3239.136197202242,2,27,0,0,0,0,1,0,0,0
4490.662592005185,11,63,0,0,0,0,0,0,0,1
1221.1940713986148,4,45,1,1,0,0,0,0,1,0
4635.537551257552,1,50,0,0,1,0,0,0,0,0
306.03561449635646,21,60,0,0,0,1,0,0,1,0
4672.507953893544,6,43,0,0,0,1,0,0,1,0
1761.3553227619739,12,72,0,0,0,1,0,0,0,1
511.5970381038365,14,67,0,0,0,1,0,0,0,1
2431.9294371356964,21,65,0,0,0,1,0,1,0,0
1287.5989557639373,2,46,0,1,0,0,0,0,1,0
1427.9401452998045,20,44,0,0,0,0,0,0,0,1
1539.9133748068014,19,35,0,0,1,0,0,1,0,0
4016.114359674154,4,57,1,0,0,0,1,0,0,0
2698.1105769928963,23,77,0,0,1,0,0,1,0,0
1559.9819572842382,7,27,0,0,0,0,1,1,0,0
3053.617247638037,21,75,0,0,0,0,1,0,1,0
3582.172617744852,0,59,0,0,1,0,0,0,0,0
1366.7568836640012,7,22,0,1,0,0,0,0,1,0
2070.677762119131,23,27,0,0,0,1,0,0,1,0
613.821036218053,17,67,0,1,0,0,0,1,0,0
909.8410009257282,19,38,0,0,0,1,0,1,0,0
3407.1836805550893,15,41,0,0,0,0,0,0,0,1
911.2845467396565,17,55,0,0,0,0,1,1,0,0
2628.1911014169655,19,20,0,0,1,0,0,0,0,1
3546.6860773035514,11,57,0,0,0,0,0,0,1,0
538.8502308582455,12,48,0,0,0,1,0,1,0,0
2838.7245370463734,12,79,0,1,0,0,0,0,0,0
1286.531104588312,9,58,0,0,1,0,0,0,0,0
4814.8197418117115,6,54,0,0,0,0,1,0,1,0
2420.310505366024,13,78,0,0,0,0,0,0,1,0
4030.932786126915,23,19,0,0,0,0,1,1,0,0
2753.3815780705277,15,19,0,0,0,1,0,0,0,1
221.84560160982173,14,56,0,0,0,0,1,1,0,0
3167.5911210921417,11,66,1,1,0,0,0,0,0,1
4757.259694322252,8,59,0,0,0,0,0,1,0,0
3010.0510416309244,7,61,0,0,0,0,0,0,0,0
4096.848352836817,17,51,0,1,0,0,0,0,0,0
4421.611284425297,22,59,0,0,0,0,1,0,0,1
1144.2584608849177,17,37,0,1,0,0,0,1,0,0
1064.163975341592,12,50,0,0,1,0,0,0,1,0
3056.850039310704,17,21,0,1,0,0,0,0,0,1
2058.08720668449,14,62,1,0,0,0,1,0,0,0
4200.107207819268,3,61,0,1,0,0,0,0,0,1
4500.615501373066,16,28,0,0,0,1,0,1,0,0
1770.339789617077,4,78,0,1,0,0,0,0,1,0
1188.168442077538,21,59,0,1,0,0,0,0,1,0
3903.7249486430896,15,64,0,0,0,0,1,0,0,1
1377.6561475629399,8,22,0,0,1,0,0,1,0,0
4113.958520975823,9,42,0,0,1,0,0,1,0,0
2121.5725769755704,23,66,0,0,0,0,1,0,1,0
3339.411746960895,17,77,0,0,0,0,1,0,0,0
482.19889260416755,16,54,0,0,0,0,1,1,0,0
3121.177326759482,17,51,0,0,0,1,0,0,1,0
2261.5795552924596,6,26,0,0,0,0,0,0,1,0
2935.109273561493,3,23,0,1,0,0,0,1,0,0
844.2309676855928,4,35,0,0,0,0,1,1,0,0
3685.68435599619,22,31,0,0,0,0,1,0,0,1
4314.671402328427,15,36,0,0,0,0,1,0,0,0
1087.6153014534243,2,31,0,0,1,0,0,0,0,1
483.0942048232078,17,57,0,0,0,0,1,0,0,1
123.0747373014503,22,34,0,1,0,0,0,0,1,0
3211.6476447141135,20,77,0,0,0,0,1,0,1,0
3037.4347102634597,13,52,0,1,0,0,0,0,0,0
2735.7535765067796,14,46,0,0,0,1,0,0,0,1
1163.5757450992971,16,59,0,0,0,0,0,0,0,1
1957.5754495480458,0,34,0,0,1,0,0,0,1,0
2974.409294254934,20,76,0,1,0,0,0,0,1,0
2486.3504600015513,16,60,0,0,0,1,0,1,0,0
4938.988673473362,22,25,0,0,0,0,0,0,0,1
686.516564020882,10,18,1,0,0,0,0,0,0,0
3477.247047467731,16,62,0,0,0,0,0,0,0,1
2024.572246680939,13,70,0,1,0,0,0,0,1,0
2143.8570765534455,19,53,0,0,0,1,0,1,0,0
3589.4008394625903,18,24,0,0,0,0,1,0,0,1
3463.7185758652263,20,63,0,0,0,1,0,0,0,0
4956.32368854243,6,22,0,0,0,1,0,0,1,0
646.3294758233556,23,41,0,0,0,1,0,1,0,0
525.0276986739109,12,45,0,1,0,0,0,0,0,1
3623.072391558062,17,79,0,1,0,0,0,0,0,0
2894.0426504470133,22,60,0,1,0,0,0,0,1,0
1374.4325294662303,13,34,0,0,0,1,0,0,0,0
401.6997480999881,0,54,0,1,0,0,0,0,0,1
432.86295673417055,6,37,0,0,0,0,0,0,1,0
4471.483418947271,7,20,0,1,0,0,0,0,0,1
963.3772869701208,17,54,0,0,1,0,0,1,0,0
1620.240952767026,8,43,0,1,0,0,0,0,0,1
1137.1487291238052,0,32,0,1,0,0,0,1,0,0
1778.2065476305268,21,68,0,1,0,0,0,0,0,1
351.7720945167364,16,65,0,1,0,0,0,0,0,0
2597.7036555868103,18,25,0,0,1,0,0,0,0,0
342.72475514311344,5,30,0,0,0,0,1,0,1,0
4002.780756572696,2,65,0,1,0,0,0,0,0,0
1172.391849142613,23,20,0,0,0,0,0,0,0,0
2702.3595134495304,4,18,0,0,1,0,0,1,0,0
4400.995042369484,1,26,0,0,0,0,1,0,0,0
3256.132458390735,19,48,0,1,0,0,0,1,0,0
2667.12414382392,3,58,0,0,0,0,1,1,0,0
1625.0470968113011,9,71,1,0,0,0,0,1,0,0
1668.3445557256987,9,43,0,0,1,0,0,0,0,1
3349.0873412149595,23,34,0,0,1,0,0,1,0,0
4970.726109299731,20,73,0,0,0,0,1,0,0,1
3310.886753297646,10,51,0,1,0,0,0,1,0,0
2791.1281697632744,15,26,0,0,0,1,0,0,0,1
3654.599298645034,16,79,0,0,1,0,0,0,1,0
2328.7020333571722,15,73,0,0,0,1,0,0,1,0
305.4110012909222,6,68,0,0,1,0,0,0,0,1
2813.6725953101595,15,30,0,1,0,0,0,0,1,0
4788.338296104374,2,22,0,1,0,0,0,0,0,0
880.6381970765099,15,58,0,0,1,0,0,1,0,0
3451.5744296492253,7,30,0,0,0,0,1,0,0,1
1008.6637748519871,11,18,0,1,0,0,0,0,1,0
2681.459283943041,2,42,0,1,0,0,0,0,1,0
487.8988659853645,16,64,0,0,0,0,0,0,0,0
2254.6028266096346,20,21,0,1,0,0,0,1,0,0
3782.035827831754,17,53,0,0,0,0,0,0,0,0
1741.1197635737155,10,69,0,1,0,0,0,0,0,1
3326.234063813654,3,27,0,1,0,0,0,0,1,0
3978.272554144697,15,45,0,0,0,0,1,0,1,0
4636.253208299866,16,74,0,0,0,0,1,0,1,0
1177.0371988679904,8,79,0,1,0,0,0,0,0,0
1999.5829994674941,5,23,0,0,1,0,0,0,0,0
766.317986585435,23,44,0,0,1,0,0,1,0,0
4962.455093281084,19,73,0,1,0,0,0,0,0,1
4635.369834781855,1,29,0,0,1,0,0,1,0,0
2702.085865751395,8,79,0,1,0,0,0,1,0,0
4210.956305410225,20,69,0,0,0,0,1,0,1,0
2607.1850964738505,5,65,0,0,0,1,0,0,0,0
3119.810511573785,2,20,0,0,0,0,0,0,0,1
450.176538419503,19,63,0,0,1,0,0,1,0,0
3777.5757503815557,5,50,0,0,1,0,0,0,0,1
642.9288507579979,6,27,0,0,0,0,1,0,1,0
4131.207813111379,0,48,0,0,1,0,0,1,0,0
3911.2302979135775,22,32,1,1,0,0,0,0,0,0
3545.179765226167,0,24,0,1,0,0,0,1,0,0
185.62110072118676,4,53,0,0,0,1,0,0,1,0
1519.1261379469165,5,31,0,0,0,1,0,1,0,0
1319.2472867046602,12,73,0,0,0,1,0,0,1,0
1803.8813553202378,1,65,0,1,0,0,0,1,0,0
442.7755200853735,14,31,0,0,0,1,0,0,0,1
4685.104326040158,14,20,0,0,0,1,0,0,0,0
2771.2421923583192,12,66,0,1,0,0,0,0,1,0
1531.0939317368277,13,70,0,0,0,0,1,0,0,1
1987.9226777860456,21,63,0,0,1,0,0,0,1,0
2238.776689821654,6,67,0,0,0,0,0,1,0,0
3004.9686951362833,13,20,0,1,0,0,0,0,1,0
2580.8187413440064,23,79,0,1,0,0,0,0,1,0
4597.3629062060145,9,39,0,0,0,0,0,0,0,0
2487.3325971146223,16,36,0,0,0,0,0,0,0,1
4960.8292840424465,13,52,0,0,0,1,0,1,0,0
4257.867663936753,7,29,0,0,0,0,0,0,0,0
1046.5100192148923,3,71,0,0,1,0,0,0,1,0
4653.323097146362,15,22,0,0,1,0,0,0,0,0
586.250157437953,23,27,0,0,1,0,0,0,1,0
4088.161293913502,12,58,0,0,1,0,0,1,0,0
1906.2133509155176,21,50,0,0,1,0,0,0,1,0
4390.4817306231225,19,30,0,0,0,1,0,0,0,0
4340.943167086714,17,52,0,1,0,0,0,0,0,0
4030.5973735875177,13,68,0,0,0,0,0,0,1,0
3951.2020293537716,17,49,0,1,0,0,0,0,0,1
1526.8722997947136,4,28,0,0,0,0,0,0,0,0
409.19181884100465,8,65,0,0,0,1,0,0,0,1
2017.8859929319815,2,55,0,0,0,1,0,0,0,1
871.7549523576108,7,41,0,0,0,0,1,0,0,1
3476.280689067796,19,52,0,0,0,0,1,0,0,1
1733.7681340562388,21,36,0,0,0,1,0,0,0,0
4878.172953295275,9,23,0,0,0,1,0,0,0,0
3206.655526339933,21,57,0,0,0,0,0,0,0,1
4113.290415353633,18,71,0,0,0,1,0,0,0,0
666.9607403455329,20,62,0,1,0,0,0,0,0,1
4310.762338951749,2,61,0,0,0,0,0,0,0,1
4614.172166614405,10,79,0,0,0,1,0,0,0,1
2437.874284500585,10,59,0,0,0,0,0,0,1,0
3033.233424066132,16,52,0,0,0,0,0,1,0,0
3825.224955510462,15,21,0,0,1,0,0,0,0,0
878.3189431657606,6,50,0,0,0,0,1,0,0,0
2515.3175519348947,3,30,0,0,0,0,0,0,0,1
1996.321823722704,22,73,0,0,0,0,0,0,1,0
736.1380908504343,18,53,0,0,1,0,0,0,1,0
1840.8344393461996,11,71,0,0,0,1,0,0,0,0
345.5206853805404,14,60,0,0,0,0,0,0,0,1
133.9304752126875,10,36,0,0,1,0,0,0,0,0
680.1556143283397,4,60,0,1,0,0,0,0,0,1
4815.759982387924,4,29,0,0,1,0,0,0,0,1
2749.9000317956097,14,28,0,0,0,0,1,1,0,0
4829.281694960334,17,23,0,0,0,0,1,0,0,1
2165.3269022590093,10,29,0,0,0,1,0,1,0,0
1562.5215847608715,11,44,0,0,0,1,0,0,0,0
2533.1786048870194,1,58,0,0,0,0,1,0,0,0
2200.360884721386,19,42,0,0,0,0,1,0,1,0
532.7950978874109,14,59,0,0,0,0,0,1,0,0
3205.9274418775803,19,20,0,0,0,0,1,0,0,0
1084.11072163545,3,20,0,0,0,1,0,1,0,0
3099.841834714659,21,37,0,0,0,0,1,0,0,0
3252.7544565287762,17,45,0,0,0,1,0,1,0,0
764.3641413775973,5,40,0,1,0,0,0,1,0,0
311.44138741778744,22,65,0,0,0,0,1,0,0,1
3904.904122411857,18,20,0,0,0,1,0,0,0,0
2301.703116727754,10,59,0,0,1,0,0,0,1,0
295.5281585498516,23,41,0,0,0,0,0,0,0,1
4974.357254262987,1,60,0,0,0,1,0,0,1,0
293.61390217685135,7,57,0,0,0,0,1,1,0,0
3476.7009681484733,10,23,0,0,0,0,1,0,0,1
4918.476231690751,4,37,0,1,0,0,0,1,0,0
1199.7046205585484,17,28,0,0,1,0,0,0,0,0
715.535596592545,22,49,0,0,0,1,0,0,0,0
611.3177724150323,17,77,0,0,1,0,0,0,1,0
1519.8593621001398,13,44,0,1,0,0,0,0,0,0
509.72382599818025,21,38,0,0,0,0,0,0,1,0
3462.345901762189,9,61,0,0,1,0,0,1,0,0
316.1475316596632,2,65,0,1,0,0,0,0,0,1
2549.5635301081998,8,67,0,0,0,1,0,0,0,0
4983.500784995619,2,30,0,0,0,0,0,1,0,0
4070.781496182564,10,39,0,0,0,0,1,0,0,1
3078.021093963899,11,52,0,1,0,0,0,1,0,0
1534.7368358291253,11,64,0,0,0,0,1,0,1,0
3121.359702276734,2,39,0,0,0,0,0,1,0,0
2637.5721122387,20,45,0,1,0,0,0,0,1,0
2133.2865025324054,6,38,0,1,0,0,0,0,1,0
657.8983318172964,13,63,0,0,0,0,0,0,0,0
4433.588055126132,23,35,0,0,0,1,0,0,1,0
2251.674320862506,10,48,0,1,0,0,0,0,1,0
977.1394465447215,6,77,0,0,0,0,0,1,0,0
1841.9579576320616,20,78,0,0,1,0,0,0,1,0
2073.5781138819907,9,63,0,0,0,0,1,0,1,0
4138.551788356537,10,54,0,1,0,0,0,1,0,0
3669.403830904203,14,38,0,0,1,0,0,0,0,1
3847.677943738492,18,31,0,1,0,0,0,0,0,0
60.101165821092835,15,42,0,0,0,1,0,1,0,0
2083.6892209079087,21,44,0,0,0,0,0,0,1,0
2409.3140374184413,20,57,0,1,0,0,0,1,0,0
100.86542273116815,19,77,0,0,0,0,0,0,0,1
1302.766977681446,11,77,0,1,0,0,0,1,0,0
3802.647666495064,17,40,0,0,0,1,0,1,0,0
689.8629801163503,22,48,0,0,0,1,0,1,0,0
2678.8741066056955,12,64,0,0,1,0,0,1,0,0
1079.9333507261013,4,77,0,0,0,1,0,0,1,0
65.54326934624689,3,46,0,0,0,0,0,1,0,0
1209.8012807097098,13,64,0,0,0,1,0,0,0,1
4879.489405775718,7,47,0,1,0,0,0,1,0,0
4008.677873855533,8,68,0,0,0,1,0,1,0,0
4798.085338383562,18,43,0,0,0,0,0,0,1,0
2441.8309494121804,2,37,0,1,0,0,0,0,1,0
553.13231239413,4,55,0,0,1,0,0,1,0,0
2742.0576474235963,20,36,0,0,1,0,0,0,1,0
2274.6147861270047,17,44,0,0,1,0,0,0,1,0
4222.563628284382,0,42,0,1,0,0,0,1,0,0
494.9224910173017,7,57,0,0,1,0,0,0,1,0
2443.764479423782,18,55,0,0,0,1,0,0,0,0
754.4930801464513,16,69,0,1,0,0,0,0,0,0
1626.7562548158496,16,40,0,1,0,0,0,0,0,0
3688.0986015520593,10,46,0,1,0,0,0,0,1,0
2382.710556196989,1,32,0,0,0,0,1,0,0,0
1882.5619843031177,5,76,0,0,0,0,0,0,0,1
1975.4090114573264,21,20,0,0,0,0,1,0,0,0
2299.9366081879034,13,27,0,0,0,0,1,0,0,1
3926.157636466099,2,32,0,0,0,0,1,0,1,0
4460.963021256471,11,73,0,0,0,0,0,0,0,0
4776.896759087122,3,33,0,0,0,0,1,0,0,1
3935.582414345199,11,34,0,0,1,0,0,0,1,0
1580.4574442613236,12,36,0,1,0,0,0,0,0,0
3442.232856902278,1,28,0,1,0,0,0,1,0,0
2190.8276046566825,1,65,0,0,0,1,0,0,0,0
1277.0797571200255,14,22,0,0,1,0,0,0,0,0
4205.153539232483,22,22,0,0,0,0,0,0,0,0
196.93961306681337,16,75,0,1,0,0,0,1,0,0
4509.30115071644,6,31,0,0,0,0,1,0,0,1
2310.079935800547,13,67,0,0,0,1,0,0,0,1
3187.821376657361,11,43,0,0,0,1,0,1,0,0
3298.4728414178844,16,25,0,1,0,0,0,0,0,0
4476.113114829149,13,22,0,0,1,0,0,0,0,0
3185.1650624252006,5,24,0,0,0,1,0,0,0,0
3071.5982558765086,18,33,0,1,0,0,0,0,0,1
337.9269426006464,23,72,0,0,1,0,0,0,0,1
2594.4480696162946,5,31,0,1,0,0,0,1,0,0
755.094159081123,17,54,0,1,0,0,0,0,1,0
3688.4816747638206,23,73,0,0,1,0,0,1,0,0
2563.548494459309,4,58,0,0,1,0,0,0,0,1
3402.7377571457246,23,21,0,0,1,0,0,0,0,0
213.1561385089094,23,53,0,1,0,0,0,0,0,0
428.53612014878706,5,65,0,0,0,1,0,0,0,0
3583.035323373098,1,73,0,0,0,0,0,0,0,0
365.06125831337346,7,34,0,0,0,0,0,0,1,0
360.9273551874667,14,64,0,1,0,0,0,1,0,0
65.48183379826281,14,53,0,1,0,0,0,1,0,0
4782.724484505903,10,23,0,0,0,1,0,0,0,1
3688.85425549774,21,33,0,0,1,0,0,1,0,0
1769.4907854678104,21,46,0,1,0,0,0,0,1,0
1486.1952285318378,23,53,0,0,0,0,1,0,1,0
1751.7676325805185,0,55,0,0,1,0,0,0,1,0
3874.3943882500034,17,54,0,1,0,0,0,0,0,0
3308.54620229672,11,65,0,0,0,0,1,0,0,1
930.0518614980024,11,79,0,0,0,1,0,0,1,0
874.6761299937513,10,74,0,0,0,0,1,1,0,0
496.4862703184196,7,65,0,1,0,0,0,1,0,0
3303.212084908184,6,27,0,0,0,0,0,1,0,0
3823.041447797571,22,58,0,1,0,0,0,0,1,0
1328.906909483395,20,53,0,0,0,0,0,0,1,0
109.62008034940949,1,46,0,0,0,1,0,1,0,0
415.4474790447546,10,31,0,0,0,1,0,0,1,0
4839.4608740509275,21,21,0,0,1,0,0,1,0,0
1480.7466634997143,9,61,0,0,1,0,0,0,0,0
3847.2696234514774,2,73,0,0,0,0,0,0,1,0
3125.1945264270475,19,59,0,0,0,0,0,0,0,0
1912.788500066215,9,53,0,0,0,1,0,0,0,0
1032.4078746667979,17,67,0,0,0,0,1,0,1,0
611.3251587062351,13,62,0,0,0,0,0,1,0,0
3076.9897753541386,17,30,0,0,0,0,0,0,0,1
3874.2957342857508,23,63,0,0,0,0,1,0,0,0
3221.3017464379477,7,35,0,0,1,0,0,0,1,0
2653.8591555795456,9,50,0,0,1,0,0,0,0,0
214.54636104102315,21,38,0,0,0,0,0,1,0,0
4842.601444083947,12,33,0,0,1,0,0,0,1,0
3994.5773873146,20,32,0,0,1,0,0,0,0,1
1467.646073321319,7,71,0,0,1,0,0,0,1,0
4899.951795147459,3,74,0,0,0,1,0,0,0,0
3011.398540233429,3,22,0,1,0,0,0,0,1,0
2914.201177745196,4,78,0,0,0,0,0,0,1,0
3741.6255312505127,0,23,0,0,0,0,0,0,0,0
4059.7900915102373,16,55,0,0,0,1,0,0,0,1
3284.1106436208556,1,20,0,1,0,0,0,1,0,0
644.8382530991692,7,65,0,1,0,0,0,0,1,0
1694.6461924425196,6,29,0,0,0,1,0,0,0,1
4640.777783428618,14,53,0,0,0,0,1,1,0,0
1126.9549811600405,4,50,0,0,0,0,1,0,0,0
1863.9742840683791,1,53,0,1,0,0,0,0,0,1
2163.224030306259,6,50,0,0,0,0,1,0,0,1
2199.8279235237887,7,48,0,0,0,0,1,0,1,0
3066.633214560155,6,38,0,0,0,0,1,0,0,0
4715.663809534814,6,44,0,1,0,0,0,0,1,0
1207.2600956033623,13,44,0,0,0,0,1,0,0,0
611.8993746230857,20,25,0,0,0,0,0,1,0,0
991.3650968503869,17,73,0,1,0,0,0,0,1,0
4435.189876545302,5,54,0,0,0,1,0,0,0,0
3230.825009212754,3,79,0,0,0,0,1,0,0,0
1433.1044122496048,9,49,0,0,1,0,0,0,0,1
4080.6549601482434,17,43,0,1,0,0,0,0,1,0
4307.543131835363,11,19,0,0,0,1,0,0,1,0
4233.339121757939,15,29,0,0,0,0,0,1,0,0
4595.038035529575,6,39,0,0,0,1,0,0,0,0
1264.943895765941,5,34,0,0,0,0,1,0,0,1
3776.43443408766,4,24,0,0,1,0,0,0,0,0
2305.3947888843295,2,60,0,0,0,0,1,0,0,0
4210.782771685857,11,21,0,0,0,1,0,0,0,0
3643.810932422258,14,54,0,1,0,0,0,0,1,0
3883.3549952661247,9,55,0,0,1,0,0,0,0,0
3282.528379216952,19,49,0,0,1,0,0,1,0,0
891.2567035011858,18,28,0,0,0,1,0,0,0,1
2727.409459890207,15,18,0,0,0,0,1,0,0,1
4923.425348924919,10,42,0,0,0,1,0,0,0,0
4687.253392153109,7,59,0,0,1,0,0,0,0,1
220.6528103060733,2,69,0,0,0,1,0,0,0,0
828.2500045685384,22,41,0,0,1,0,0,0,1,0
662.9852234055368,6,70,0,0,0,0,1,0,0,1
3631.269650376551,22,60,0,1,0,0,0,0,1,0
4089.8377226354405,6,73,0,1,0,0,0,0,1,0
1071.4892747218062,13,34,0,0,0,1,0,1,0,0
2531.734201294386,1,25,0,0,1,0,0,1,0,0
4204.311624915944,9,76,0,1,0,0,0,0,0,1
3665.3437161074216,18,62,0,0,1,0,0,0,0,0
2713.4748414317824,8,44,0,0,0,0,1,0,0,0
2953.7867138415704,15,69,0,0,0,1,0,0,0,0
2544.2609318468185,18,35,0,0,1,0,0,0,0,0
1491.2545143375087,17,44,0,0,0,1,0,1,0,0
2827.2848543307855,8,39,0,0,1,0,0,0,0,0
3445.982083740203,15,33,0,0,1,0,0,0,0,0
4367.247964724735,12,19,0,0,0,0,1,0,1,0
3183.275313126344,9,22,0,0,0,1,0,0,0,0
3806.802077530574,19,35,0,0,0,0,0,0,0,0
804.5578165980921,13,20,0,0,1,0,0,1,0,0
2310.4795847268506,11,44,0,0,1,0,0,0,0,1
51.611441036331016,18,71,0,1,0,0,0,0,1,0
1237.160928285507,6,34,0,0,0,1,0,0,1,0
3633.6762669894592,22,33,0,0,0,0,0,0,0,1
4959.09070699007,14,23,0,0,0,0,1,0,1,0
500.39460743814345,15,68,0,0,0,0,0,0,0,0
2010.464107727135,7,24,0,0,0,0,1,0,0,0
4001.354488652302,9,67,0,0,0,0,0,0,0,1
1024.1579949713496,3,31,0,0,0,0,0,1,0,0
2777.64932176492,18,55,0,0,0,1,0,1,0,0
3666.691123668226,18,57,0,1,0,0,0,0,1,0
3081.847324049594,20,32,0,0,0,0,0,1,0,0
944.1835494040035,14,64,0,0,1,0,0,1,0,0
1780.1459205852684,13,64,0,0,1,0,0,1,0,0
3920.039963504559,0,65,0,0,1,0,0,1,0,0
2773.3614380894232,15,50,0,1,0,0,0,1,0,0
31.12191964684912,9,60,0,0,0,0,0,1,0,0
3806.148846340329,18,44,0,0,0,0,1,1,0,0
181.38021792649417,21,46,0,0,0,0,1,0,1,0
3729.9402447425045,2,74,0,0,0,1,0,0,0,0
1016.3903980253609,4,54,0,1,0,0,0,1,0,0
4790.577033196304,8,22,0,0,0,0,0,0,0,0
1842.864052753912,17,46,0,0,1,0,0,0,0,1
1638.0234236087051,10,49,0,1,0,0,0,0,0,0
748.6958114105612,15,77,0,1,0,0,0,0,0,1
1531.4930563736234,1,70,0,0,0,0,0,0,1,0
4383.870555331861,11,23,0,0,0,1,0,0,0,0
4981.6900164481,21,19,0,0,0,1,0,0,0,1
1844.7061048817075,5,23,0,0,0,1,0,0,0,0
2245.8101016179403,10,63,0,0,1,0,0,0,1,0
3611.7443363226716,7,60,0,0,1,0,0,0,0,0
4431.547923423047,11,21,0,0,0,0,0,0,0,1
2967.2564492629867,1,73,0,0,0,1,0,1,0,0
1960.6708623982574,8,46,0,0,0,0,0,1,0,0
2066.0460950388756,14,76,0,0,0,1,0,1,0,0
3479.61264175155,1,42,0,1,0,0,0,0,1,0
21.075226703372014,0,26,0,0,0,0,1,1,0,0
3099.8487406119043,9,73,0,0,0,0,1,0,1,0
1780.6875871545801,1,20,0,0,0,1,0,1,0,0
3972.015669729036,11,43,0,0,0,0,0,0,1,0
469.4882459165451,22,65,0,0,1,0,0,0,1,0
2943.0703234072107,7,60,0,0,0,1,0,0,0,0
2407.459584981188,4,44,0,0,0,1,0,1,0,0
3213.416001896611,21,53,0,0,1,0,0,0,0,0
328.9437044424269,0,49,0,0,0,1,0,0,0,1
2902.0190182035158,14,18,0,1,0,0,0,1,0,0
2809.615516857821,5,74,0,0,1,0,0,1,0,0
2805.497171608774,11,70,0,1,0,0,0,1,0,0
3019.4208946492918,7,71,0,0,0,0,1,1,0,0
3383.9573464456794,12,33,1,0,1,0,0,0,0,0
4025.920053405445,18,68,0,0,1,0,0,0,0,0
1352.7544970404306,0,65,0,0,0,0,0,0,1,0
4126.12180384941,10,28,0,0,0,0,0,0,0,0
2493.787132905951,19,43,0,0,1,0,0,0,1,0
389.90610427598415,0,57,0,0,0,0,1,0,0,1
297.4618915736761,7,72,0,0,0,1,0,0,0,0
1674.5204018868237,4,18,0,0,0,0,0,0,1,0
3925.5604006717804,16,43,0,0,0,0,1,1,0,0
3539.8662690308743,7,45,0,0,0,0,1,0,0,1
3944.1317485386703,9,70,0,0,0,0,0,0,1,0
2588.758936925839,1,75,0,0,0,1,0,0,0,1
2203.7939947876753,8,26,0,0,0,0,0,1,0,0
741.5253708978884,23,77,0,0,0,0,1,1,0,0
1644.3228042785113,22,76,0,1,0,0,0,0,1,0
2172.9267340385068,2,61,0,0,0,0,0,0,1,0
447.55914624968807,17,39,0,0,0,0,1,1,0,0
1106.9567037925003,6,25,0,0,0,0,0,0,1,0
2993.135343848375,14,75,0,0,0,0,1,1,0,0
3679.6372556247534,20,66,0,0,0,1,0,0,0,0
4991.7458194077835,21,59,0,0,0,0,1,0,1,0
4665.90109006107,19,44,0,0,1,0,0,0,0,1
3214.6131716782816,17,56,0,1,0,0,0,1,0,0
2109.13402620389,2,36,0,0,0,0,1,0,0,0
3182.7059367176225,22,42,0,0,0,0,0,0,1,0
3929.329832310759,13,55,0,0,0,0,0,1,0,0
596.0892736623197,23,38,0,0,0,0,1,0,0,0
2052.4749240329597,1,41,0,0,1,0,0,0,1,0
4199.812416749908,13,41,0,0,0,0,1,1,0,0
1922.2455949055548,21,77,0,0,0,1,0,1,0,0
2861.501994779797,10,77,0,0,1,0,0,1,0,0
2940.9079575066803,15,36,0,0,0,0,1,0,1,0
926.4588844025286,7,67,0,1,0,0,0,0,0,0
1814.3660310531804,6,64,0,0,1,0,0,1,0,0
1675.883887265951,10,19,0,0,0,0,1,0,0,0
135.85255911766365,2,31,0,1,0,0,0,0,0,0
125.83786063731945,16,70,0,0,0,0,1,0,0,1
4159.326733160488,13,49,0,0,0,1,0,0,0,0
1368.988695814198,5,59,0,0,0,0,0,0,0,0
2592.803437362883,7,49,0,0,0,0,1,0,0,0
1497.1342400759213,21,45,0,0,1,0,0,0,0,0
4703.6928293511255,4,65,0,0,0,0,1,0,0,0
1300.1873105345398,7,56,0,0,0,0,1,0,1,0
2151.135779630981,1,57,0,0,0,0,1,0,0,1
4364.287601170587,14,59,0,0,0,0,1,1,0,0
4210.458166125084,11,64,0,0,1,0,0,0,0,1
934.5765821421552,16,57,0,0,1,0,0,0,0,1
4014.2033324295735,0,30,0,0,0,0,1,1,0,0
2293.643499255774,14,29,0,0,0,0,0,0,0,0
2417.429516066349,13,25,0,0,0,0,1,1,0,0
671.7324622176392,19,32,0,0,1,0,0,0,0,0
407.6045612168376,21,43,0,0,0,1,0,1,0,0
3641.0568383339573,15,29,1,0,0,0,1,0,1,0
2484.823456014722,8,60,0,0,0,0,1,0,0,1
2187.069259562822,0,68,0,0,0,0,1,0,0,0
3648.8936021187214,16,63,0,0,0,0,1,0,0,1
3828.736930460593,12,44,0,1,0,0,0,0,0,0
798.7462975084211,20,35,0,0,0,0,1,1,0,0
3053.0746216408183,20,62,0,0,1,0,0,1,0,0
681.0936409770392,4,53,0,0,1,0,0,1,0,0
3758.118554715083,9,66,0,1,0,0,0,0,1,0
3286.491005554362,5,68,0,0,0,0,1,1,0,0
4783.290032311873,23,44,0,0,0,0,0,1,0,0
349.4452917003238,18,26,0,0,0,0,1,0,1,0
289.9883321505153,12,72,0,0,1,0,0,0,0,1
1414.5244380925346,0,56,0,0,0,1,0,0,0,1
1312.2198902608502,19,18,0,0,0,1,0,0,0,0
1238.6591013646391,14,24,0,0,0,0,0,0,0,1
4531.741629702578,13,43,0,0,0,0,1,0,0,0
1251.483268248283,7,24,1,1,0,0,0,0,0,0
1363.3888820125119,9,69,0,0,0,0,1,0,0,1
3798.1943207777285,8,24,0,0,0,0,0,0,0,1
2251.4505130404473,16,25,0,0,0,0,0,0,1,0
3884.6692319911303,8,33,0,0,0,0,0,0,0,0
331.5039570341043,2,20,0,0,0,1,0,0,0,1
2440.4181123985545,10,62,0,0,0,0,1,0,0,1
172.89993291549675,11,27,0,0,0,0,1,0,1,0
317.9527512594958,9,67,0,1,0,0,0,0,0,1
4532.655079455332,16,24,0,0,0,0,0,1,0,0
700.5306287323879,16,38,0,0,0,0,0,1,0,0
2664.4413079647093,10,70,0,0,1,0,0,0,0,0
2058.422534990529,21,79,0,0,1,0,0,0,1,0
1739.979914662919,3,54,0,0,0,1,0,0,0,1
4499.667561707926,6,48,0,0,0,0,1,0,0,0
114.00786689357005,20,40,0,1,0,0,0,0,0,1
3320.6294824470674,13,74,0,1,0,0,0,1,0,0
4817.155198896684,6,44,0,0,0,0,0,0,0,1
2803.0400763919006,23,73,0,1,0,0,0,0,0,1
4684.428197855294,7,39,0,0,0,0,0,0,0,1
266.02810703368874,0,56,0,0,0,0,1,1,0,0
2096.872628775436,23,74,0,1,0,0,0,1,0,0
1304.4881658554455,21,79,0,0,0,0,0,0,1,0
3655.4507200787452,3,44,0,0,0,0,1,1,0,0
4906.578967033747,11,71,0,0,0,0,1,0,0,0
1286.367661909018,23,66,0,0,0,0,0,0,0,1
3272.602134363002,2,21,0,0,0,0,0,1,0,0
994.497675634902,12,41,0,0,0,1,0,0,0,0
2828.8246215851914,19,40,0,0,0,0,1,1,0,0
2322.342771008239,5,65,0,0,0,0,0,0,0,1
4860.166621509527,10,36,0,0,0,0,1,0,0,0
3044.5937271188504,22,59,0,1,0,0,0,1,0,0
1750.7843285736599,3,20,0,0,1,0,0,1,0,0
574.9084455152272,19,44,1,0,1,0,0,0,0,0
760.4779095309981,15,20,0,0,0,0,0,0,1,0
1130.4580651064193,6,45,0,0,0,0,0,0,0,0
1258.5784733947885,21,34,0,0,0,0,1,0,0,0
4253.827208916483,10,48,0,0,0,0,0,0,0,0
2808.307827471212,23,27,0,0,0,0,1,0,0,0
2619.3376023149603,0,66,0,0,0,0,0,1,0,0
578.2705149867413,6,39,0,0,0,0,1,0,0,0
4301.397768280428,11,47,0,0,0,0,0,0,0,0
3615.457444526376,6,79,0,0,0,1,0,0,0,1
343.00346769050793,22,66,0,0,0,0,1,1,0,0
3540.6363106626945,6,38,0,0,0,1,0,0,0,1
2719.9733956265172,9,53,0,0,0,1,0,1,0,0
413.2181020051574,15,70,0,0,0,1,0,0,1,0
2294.211704435639,7,40,0,0,0,1,0,0,1,0
2426.0579542145847,8,55,0,1,0,0,0,1,0,0
833.0438281155624,8,29,0,0,1,0,0,0,1,0
4728.762244266411,1,42,0,1,0,0,0,0,1,0
4250.626980545906,12,71,0,0,0,0,0,1,0,0
3346.766574958896,12,74,0,0,0,0,0,0,0,0
2314.166327198033,22,37,0,0,1,0,0,0,0,1
2061.76888021462,22,66,0,0,1,0,0,1,0,0
3256.612468419016,3,66,0,0,1,0,0,1,0,0
2729.432187687493,23,59,0,0,0,1,0,1,0,0
316.0541638800186,11,24,0,1,0,0,0,0,0,1
2564.9507306078067,16,46,0,0,0,0,0,1,0,0
4032.9860680780334,1,65,0,1,0,0,0,0,0,1
2298.9031885968056,12,46,0,1,0,0,0,0,0,1
264.52310488357074,17,30,0,1,0,0,0,0,1,0
3932.4596059232454,14,20,0,0,1,0,0,0,0,0
1010.8120917691921,7,19,0,0,1,0,0,0,1,0
1296.8110702657536,14,33,0,0,0,0,0,1,0,0
827.708235394318,0,47,0,0,0,0,0,1,0,0
1654.4242490331303,19,55,0,0,0,0,0,0,0,1
3784.973770914732,9,23,0,1,0,0,0,0,1,0
2599.332368222167,11,62,0,0,1,0,0,0,0,1
1028.3819643828092,4,24,0,0,0,1,0,0,1,0
4389.761240369444,8,22,0,1,0,0,0,0,1,0
4398.511365482888,22,73,0,0,0,0,1,0,1,0
4353.539233104804,7,24,0,1,0,0,0,0,1,0
1197.7870758507886,15,51,0,0,1,0,0,0,1,0
2258.9405241840354,13,49,0,0,0,0,1,0,0,0
4925.023332423671,12,66,0,1,0,0,0,1,0,0
3861.202319168402,22,30,0,0,1,0,0,0,1,0
140.7012690216713,20,47,0,0,1,0,0,0,1,0
330.6969333461578,12,42,0,0,0,1,0,0,0,1
2322.337227177602,4,38,0,1,0,0,0,1,0,0
4546.554928278493,15,77,0,0,1,0,0,1,0,0
2695.8154807738074,10,76,0,0,0,0,0,1,0,0
2491.5734776312797,21,38,0,0,1,0,0,0,1,0
531.8411312833698,4,45,0,0,0,1,0,0,0,1
3285.616623097849,12,65,0,0,1,0,0,1,0,0
4111.405287198127,10,75,0,1,0,0,0,0,0,1
1905.1979375002738,18,37,0,1,0,0,0,0,0,0
3879.1811953720107,2,51,0,0,0,0,1,0,0,0
4822.560886234554,14,22,0,1,0,0,0,0,0,1
1022.813463342807,6,35,0,0,0,0,1,0,1,0
2619.0315078177327,6,77,0,0,0,0,0,1,0,0
1439.2541006324548,5,56,0,0,0,1,0,0,0,0
3965.3078230740275,2,60,0,0,0,0,0,0,0,0
2890.0788625763817,12,74,0,0,0,0,1,0,0,1
3174.739175663767,6,74,0,0,1,0,0,0,1,0
3990.581227281391,4,28,0,0,1,0,0,0,0,1
1982.8725109489621,22,71,0,0,0,0,0,0,0,1
4575.874891693181,17,34,0,0,1,0,0,0,0,1
2667.4791918944693,21,65,0,0,0,0,1,0,0,1
793.9843400625633,7,62,0,0,0,1,0,0,0,1
3481.0160952531683,16,39,0,1,0,0,0,0,1,0
3967.3404454390807,19,54,0,0,0,0,1,0,0,1
1587.2245769522958,0,37,0,0,0,0,1,0,1,0
4286.610388708771,13,65,0,1,0,0,0,1,0,0
4531.1855575550035,16,77,0,1,0,0,0,1,0,0
1388.1379144521557,9,71,0,0,0,1,0,1,0,0
4917.689756212534,11,71,0,0,0,1,0,1,0,0
707.8540826035482,15,65,1,0,0,1,0,0,0,0
1014.0682636704374,13,65,0,0,1,0,0,0,1,0
925.2030719939405,15,63,0,0,0,0,1,1,0,0
4470.4786014893125,7,23,0,1,0,0,0,0,0,0
3273.1912988631843,22,51,0,0,0,0,1,0,1,0
764.760894695253,9,31,0,0,0,0,1,0,0,0
2204.4154747499033,16,65,0,0,0,1,0,0,0,0
3078.413635223661,17,40,0,0,0,1,0,0,0,1
421.90310452196957,19,79,0,0,0,0,1,0,0,0
4412.669760194657,15,37,0,0,0,1,0,0,0,0
4018.9996595304683,16,30,0,0,1,0,0,0,1,0
2528.507834015308,15,64,0,1,0,0,0,0,0,0
4835.797443219556,18,61,0,0,0,0,1,0,0,1
2091.716091479123,23,58,0,1,0,0,0,1,0,0
4920.6310435873065,23,49,0,0,1,0,0,1,0,0
3341.2603940241174,7,43,0,0,0,1,0,0,1,0
3175.183009903438,5,67,0,0,0,0,0,0,1,0
833.9447020024461,5,70,0,0,1,0,0,0,0,0
4410.229152731697,20,31,0,0,0,0,0,0,1,0
2140.310991163473,8,69,0,1,0,0,0,0,0,0
815.3558618834844,3,74,0,0,0,0,1,0,1,0
67.97456227891641,11,53,0,0,0,1,0,1,0,0
2800.979639773721,11,25,0,0,1,0,0,1,0,0
2639.3611125027683,22,57,0,0,0,1,0,1,0,0
3598.171343733947,16,39,0,0,0,0,0,1,0,0
4451.8389748239215,14,39,1,0,0,0,0,0,0,0
401.63589029193247,8,33,0,0,0,0,1,0,0,0
3658.82496925011,6,44,0,0,0,0,0,0,0,0
941.1226607674232,9,73,0,0,0,0,1,1,0,0
4291.594380520034,15,77,0,0,1,0,0,0,0,1
4096.222251738973,11,78,0,0,0,0,1,1,0,0
2706.2648061527943,6,77,1,0,0,0,0,1,0,0
3552.662779123441,17,27,0,1,0,0,0,0,0,1
1575.1788153528232,14,42,0,0,0,0,1,0,0,1
2358.4836551694093,5,48,0,0,0,1,0,0,1,0
4109.076304063806,11,38,0,1,0,0,0,1,0,0
2299.0296598802033,10,44,0,0,0,0,1,0,0,1
1792.2023353005818,19,34,0,0,0,1,0,0,1,0
2473.591174015248,2,50,0,1,0,0,0,0,0,1
4142.105015923906,1,48,0,0,0,0,1,0,0,1
1679.3641966175094,5,67,0,0,1,0,0,0,1,0
872.9391577130402,23,59,0,0,0,1,0,1,0,0
3561.51003155225,21,43,0,0,1,0,0,0,1,0
4130.7611724768685,4,38,0,0,0,0,0,1,0,0
507.68420522504897,17,53,0,0,0,0,1,0,0,1
1203.171193215944,15,18,0,0,0,0,1,0,1,0
714.1500888561645,7,21,1,0,0,1,0,0,0,0
1742.9673508529222,19,21,0,0,0,0,1,0,0,1
2254.503139632536,21,43,0,0,0,0,0,0,1,0
3745.387553131716,10,21,0,0,0,0,1,0,0,1
3257.4821864839623,9,66,0,1,0,0,0,0,1,0
3106.538194554764,23,26,0,0,1,0,0,1,0,0
1765.1128583152238,11,47,0,0,0,0,0,0,0,0
4208.030527658376,20,68,0,0,0,0,0,0,0,1
2359.079401153832,5,62,0,0,1,0,0,0,0,0
4895.629165385697,19,21,0,0,1,0,0,1,0,0
3172.5399807872054,4,22,0,0,0,0,0,0,1,0
635.6923841146912,22,78,0,0,1,0,0,0,0,0
3382.506922566793,8,62,0,0,0,1,0,0,1,0
1628.8945570813364,15,40,0,0,1,0,0,1,0,0
3433.2043474470565,21,33,0,1,0,0,0,0,0,1
352.85753507121666,13,39,0,1,0,0,0,1,0,0
878.5327786939172,21,54,0,0,0,1,0,0,0,0
4279.407608234403,7,25,0,0,1,0,0,0,0,0
1139.7618873324568,19,65,0,1,0,0,0,0,0,0
4186.020420588486,18,79,0,0,0,0,1,0,1,0
1399.98406182978,13,50,0,0,1,0,0,0,0,1
3216.195140743245,6,72,0,0,0,1,0,0,0,0
3472.282114681606,4,77,0,0,1,0,0,0,0,0
2565.7104919595395,17,55,0,0,0,0,0,0,0,0
1530.0268301001727,1,60,0,0,0,0,0,1,0,0
1067.1586599736252,10,33,0,1,0,0,0,0,0,0
170.78082603931898,21,22,0,0,0,0,0,1,0,0
1523.2122741974154,7,33,0,0,0,1,0,0,0,0
3267.5481387037585,0,24,0,1,0,0,0,1,0,0
4691.832568150171,21,68,0,0,0,1,0,0,1,0
4356.666388903945,11,18,0,0,0,1,0,0,1,0
3831.493558793836,1,26,0,0,0,0,0,1,0,0
3943.2944795502267,17,35,0,0,0,0,0,0,0,1
3326.599592862596,6,62,0,0,0,1,0,0,0,1
1305.132853542185,16,75,0,0,0,0,0,1,0,0
4536.43917837562,21,64,0,0,0,0,0,0,1,0
3355.307897969641,22,20,0,0,0,0,0,1,0,0
2804.4009517472973,13,41,1,0,1,0,0,0,0,1
559.3923987213379,23,45,0,0,0,1,0,1,0,0
2238.042441313095,6,27,0,0,0,0,1,0,1,0
2304.489564653622,21,26,0,0,0,1,0,0,0,1
4323.495229565737,2,30,0,1,0,0,0,0,0,1
2735.5078598380032,5,65,0,0,0,0,0,0,0,0
1905.100742107196,19,52,1,0,0,0,0,0,0,0
4884.117640910744,1,71,0,0,0,0,1,0,0,1
558.0493636649468,16,40,0,1,0,0,0,0,0,1
2115.6293994181633,11,64,0,0,1,0,0,1,0,0
214.91325248116942,11,34,0,0,0,1,0,0,1,0
3700.8210832308173,16,63,0,0,1,0,0,0,0,1
4590.792378234757,9,24,0,1,0,0,0,0,1,0
1403.7864611046948,2,69,0,0,0,0,1,0,0,1
4292.416675611609,19,33,0,1,0,0,0,0,1,0
1464.6300611571794,17,70,0,0,0,0,1,0,0,0
4554.296957411357,12,57,0,0,1,0,0,0,0,1
3771.0397084659357,11,53,0,0,1,0,0,1,0,0
4025.509350322986,16,37,0,1,0,0,0,0,1,0
94.94274522427023,3,41,0,1,0,0,0,0,0,1
4814.23773358476,22,64,0,0,0,0,0,0,0,0
3634.721605391265,9,22,0,0,0,0,1,0,0,0
1527.2317214537359,10,62,0,0,0,0,0,0,0,0
4147.826350969941,5,23,0,0,0,1,0,0,0,0
1411.198386082575,5,45,1,0,0,1,0,0,0,1
4364.405428632809,8,76,0,1,0,0,0,1,0,0
567.3390501076254,14,79,0,0,1,0,0,0,1,0
3519.9114574166747,1,22,0,0,0,1,0,1,0,0
2705.788890841327,3,66,0,0,0,1,0,0,1,0
487.18967862622685,4,56,0,0,0,0,0,1,0,0
1213.2596721529007,16,55,0,0,0,0,0,0,0,1
66.95816120518737,7,19,0,0,0,1,0,0,0,1
2346.4959874952065,7,60,0,1,0,0,0,0,1,0
1509.8199774962018,21,56,0,0,0,0,0,0,0,1
2993.7956340673054,11,71,0,0,0,1,0,0,1,0
1489.7028495045429,20,38,0,0,1,0,0,1,0,0
1503.0959619773885,7,57,0,0,0,0,0,0,0,1
3717.250027664359,18,54,0,0,0,1,0,0,0,1
245.47346571187546,2,76,0,0,0,0,1,0,1,0
4514.960500983976,17,35,0,0,0,0,0,0,1,0
4262.058052583951,20,71,0,0,0,0,1,0,1,0
3340.6843927159007,18,65,0,0,0,0,0,0,1,0
2968.1417426863845,18,63,0,0,0,0,0,0,0,0
4462.050978207563,14,29,0,0,0,0,1,0,1,0
930.7242467459287,5,34,0,1,0,0,0,0,0,0
399.4509651431889,15,54,0,0,0,1,0,1,0,0
1201.353298698143,7,63,0,1,0,0,0,0,1,0
3973.9185021074504,15,55,0,1,0,0,0,0,0,0
178.1779822987842,17,32,0,0,0,1,0,0,0,0
2916.1201412420305,19,24,0,0,1,0,0,0,0,0
4977.210393375593,15,31,0,1,0,0,0,0,0,1
4279.20198871851,10,67,0,1,0,0,0,0,0,0
2609.6212167727294,6,18,0,1,0,0,0,0,1,0
322.8863418867785,16,55,0,0,1,0,0,0,1,0
4157.71070435662,16,20,0,0,0,0,0,0,1,0
2996.8976483451665,11,54,0,0,0,0,1,0,0,0
579.0903203125363,12,61,0,0,0,0,1,0,0,0
473.81713769266423,9,48,0,0,1,0,0,0,0,1
4548.585963085779,6,60,0,1,0,0,0,1,0,0
3347.655313375702,13,30,0,0,0,0,1,0,0,1
4147.287562587194,22,65,1,0,1,0,0,0,1,0
4395.499606909925,0,35,0,0,0,1,0,0,1,0
2861.0028984813694,16,34,0,0,0,0,1,0,1,0
2589.6445270164313,3,34,0,0,0,1,0,0,0,1
2154.984914553346,20,78,0,1,0,0,0,0,1,0
1588.1482060166409,4,28,0,0,0,0,1,0,1,0
2175.806824489265,19,37,0,0,1,0,0,0,1,0
3870.528880372131,23,27,0,0,0,0,0,0,0,0
3011.607537920582,22,46,0,0,0,0,1,1,0,0
4463.153833324456,6,65,0,0,0,0,1,0,0,0
2219.683171824043,9,51,0,0,0,0,1,0,0,0
3037.4124457001762,16,34,0,0,0,0,1,1,0,0
3158.3812276944836,6,71,0,0,1,0,0,1,0,0
2960.527325720096,0,79,0,0,1,0,0,0,0,1
3514.655696562154,6,69,0,0,0,0,0,1,0,0
1190.9801745321574,23,59,0,0,1,0,0,0,0,1
2564.2570688412243,10,30,0,0,1,0,0,0,0,1
525.6028900276966,8,61,0,1,0,0,0,0,0,0
1925.6340815858387,11,64,0,1,0,0,0,0,1,0
2440.8970077632157,2,56,0,0,0,1,0,0,0,0
3262.860176429635,3,44,0,0,0,0,0,0,0,0
4752.902607668087,3,71,0,1,0,0,0,1,0,0
3005.2520774090376,12,70,0,0,0,0,0,1,0,0
3719.251611301916,22,43,0,0,0,0,0,0,0,1
2533.7989671785376,18,45,0,0,0,0,1,0,0,1
3172.349636724775,9,30,0,0,0,0,0,0,0,1
359.30641958819825,4,29,0,0,0,0,1,1,0,0
1275.6859463050257,6,61,0,0,0,1,0,0,0,1
1812.4562005596679,23,45,0,0,0,1,0,0,0,1
2365.104308257535,15,19,0,0,0,1,0,1,0,0
233.01548378440677,0,54,0,0,0,0,1,0,1,0
704.4203672788218,11,74,0,0,0,0,1,0,0,0
1387.6874674175724,1,74,0,0,0,1,0,1,0,0
4857.805791050748,6,51,0,0,0,0,1,0,0,1
1660.0783004797386,10,40,0,0,1,0,0,0,0,0
2412.7950852698523,12,75,0,0,1,0,0,1,0,0
984.5080751282727,1,79,0,0,0,0,1,0,0,0
3055.8464550234626,6,69,0,0,0,0,1,0,0,0
1407.0126615022916,14,62,0,1,0,0,0,0,1,0
1038.9279292999418,10,46,0,1,0,0,0,0,0,1
2585.2802790876653,1,52,0,0,0,0,0,1,0,0
32.501466806302005,6,28,0,0,0,0,0,0,0,1
43.28184308288051,3,65,0,0,0,0,0,0,1,0
1099.2487014637795,10,50,0,0,0,1,0,0,1,0
188.4232056916016,1,68,0,0,1,0,0,1,0,0
544.5886418828035,15,28,0,0,0,1,0,1,0,0
1697.6089434470641,6,26,0,0,0,0,1,0,1,0
4013.9154695011653,12,31,0,1,0,0,0,1,0,0
2862.3829736296575,4,26,0,0,0,0,1,0,0,0
2565.7752911523,16,56,0,0,0,0,1,0,0,0
1470.9766719245677,20,65,0,1,0,0,0,0,1,0
4659.109828566918,11,20,0,0,0,0,1,0,0,1
1988.0901309797723,18,46,0,0,0,0,0,1,0,0
440.0283701448786,6,36,0,1,0,0,0,1,0,0
3087.2472480084175,5,53,0,0,0,0,1,0,0,0
573.622775415624,7,49,0,0,0,0,0,1,0,0
1729.389598294452,12,24,0,0,0,0,0,0,0,1
2539.5226338954553,4,72,0,0,1,0,0,1,0,0
4371.741510802453,1,45,0,0,0,0,0,1,0,0
2470.265168798893,8,61,0,0,0,1,0,0,0,0
3512.782536328163,10,79,1,1,0,0,0,1,0,0
4964.120110800356,23,35,0,1,0,0,0,0,1,0
661.7881538904182,5,77,0,1,0,0,0,0,1,0
1377.28396997,6,22,0,0,0,0,1,0,0,1
1975.9074976102438,6,40,0,0,0,0,1,0,0,1
2112.0317518014626,18,72,0,0,0,1,0,0,0,1
2058.050270951401,5,39,0,0,0,0,0,0,0,1
4538.516957769992,10,43,0,0,0,0,1,0,0,0
3571.5930591119477,10,59,0,0,0,0,0,1,0,0
3041.4865443830654,6,29,0,0,0,0,0,0,0,0
1550.3167257245966,1,57,0,0,0,0,1,0,0,1
4119.832969185367,18,36,0,0,0,0,1,1,0,0
4775.527254867519,3,64,0,0,0,1,0,0,1,0
4106.885421338381,5,18,0,0,1,0,0,0,0,0
12.817700431407157,16,20,0,1,0,0,0,1,0,0
3183.824844066118,4,44,0,0,0,0,1,0,1,0
260.4212303032931,6,35,0,0,0,0,1,0,1,0
1291.7480655669406,8,67,0,0,0,0,0,0,0,1
302.3258782371196,0,47,0,0,1,0,0,0,1,0
3020.9582874821917,0,79,0,0,0,0,1,0,1,0
3434.516617895571,18,19,0,0,1,0,0,0,0,1
576.865752139196,5,22,0,1,0,0,0,1,0,0
1922.2752208096724,17,46,0,0,0,0,0,1,0,0
2283.9013622329326,9,50,0,0,0,1,0,0,0,1
1848.4198436957784,10,59,0,1,0,0,0,0,0,0
609.5198774235392,0,37,0,0,1,0,0,0,0,1
2097.6442119864396,0,47,0,0,1,0,0,1,0,0
3757.1343488030484,12,59,0,1,0,0,0,0,0,0
359.68328434361104,4,22,0,0,1,0,0,0,0,1
405.4991703391077,19,67,0,0,0,1,0,1,0,0
1777.082602720741,0,38,0,0,0,1,0,1,0,0
4708.919929536531,19,75,0,0,1,0,0,1,0,0
3344.5203703809557,2,32,0,0,1,0,0,0,1,0
3394.956433579461,17,37,0,0,0,1,0,0,1,0
1812.7903542351355,8,25,0,0,1,0,0,0,0,0
2970.3356520866496,13,66,0,0,0,0,1,0,0,0
55.60526421857818,16,48,0,0,0,0,0,0,0,0
3182.2997518156635,22,29,0,0,0,0,1,0,1,0
4566.868303143303,13,38,0,0,1,0,0,0,0,0
3064.8044743823716,3,47,0,0,1,0,0,1,0,0
4369.124474364394,4,79,0,0,0,0,0,1,0,0
3621.2454120531384,20,44,0,0,1,0,0,0,0,0
607.1892899364328,16,61,0,0,0,0,0,0,0,0
4512.754269892779,21,43,0,0,0,1,0,0,1,0
336.88700255709557,1,50,0,0,0,0,0,1,0,0
2672.16752537608,22,43,0,0,0,0,0,0,0,1
714.9749333483211,21,43,0,0,0,0,1,0,0,1
63.47452060086581,4,53,0,0,1,0,0,0,1,0
2113.061129337557,3,57,0,0,0,1,0,0,1,0
1478.7283347325103,3,18,0,1,0,0,0,0,1,0
2432.572466519027,5,76,0,0,0,0,0,1,0,0
2888.1134342390815,19,32,0,1,0,0,0,0,0,0
223.47666618319204,20,67,0,0,1,0,0,0,0,0
619.4014591431095,12,18,0,0,0,0,0,0,1,0
2795.4187702698746,21,28,0,1,0,0,0,1,0,0
1719.120929097428,4,72,0,0,0,0,1,0,0,1
3647.2215703094926,22,19,0,1,0,0,0,0,1,0
3263.1967847167384,22,18,0,0,0,0,1,1,0,0
4228.793793134584,6,48,0,0,0,1,0,0,1,0
3464.00166921278,19,61,0,0,1,0,0,1,0,0
2152.50573156379,0,33,0,1,0,0,0,1,0,0
3366.46827886019,13,71,0,0,0,0,0,0,1,0
1380.5289654058156,23,39,0,0,1,0,0,0,0,0
1535.0359263971723,3,59,0,1,0,0,0,0,1,0
3945.9808738043625,16,35,0,0,0,0,0,0,0,0
2234.865484425903,20,64,0,0,0,0,0,0,0,0
3992.9098008891706,13,34,0,0,0,0,0,0,0,1
4112.999756473051,15,47,0,0,0,0,0,1,0,0
4288.523876618113,13,27,0,1,0,0,0,0,1,0
4583.593003026831,15,52,0,0,0,1,0,1,0,0
2157.771176463915,23,75,0,0,0,0,1,0,0,1
1597.7397575140885,19,79,0,0,0,0,1,0,0,0
2913.0827392375986,7,38,0,0,0,0,1,0,1,0
1859.0062550709497,23,33,0,0,0,1,0,1,0,0
3007.3654631671634,2,23,0,0,0,0,0,0,0,1
3529.401383905904,18,20,0,0,0,0,0,0,0,0
3443.5830673682235,0,58,0,0,1,0,0,0,0,0
1875.8916706655061,1,60,0,0,0,0,1,1,0,0
838.4667074852704,14,38,0,0,0,0,1,0,0,0
2155.4940456187264,21,30,0,0,0,0,0,0,0,1
717.2577496891341,9,35,0,0,0,0,1,0,0,0
4451.034690743123,17,75,0,0,0,0,0,0,1,0
1732.6579163855977,21,71,0,0,0,0,0,0,1,0
776.5264373805023,13,77,0,0,0,0,0,1,0,0
132.11156072922563,16,41,0,1,0,0,0,0,0,1
3230.8828195009887,12,44,0,1,0,0,0,0,0,0
3186.3270756864426,0,71,0,1,0,0,0,0,0,0
1706.317812073552,4,21,0,1,0,0,0,0,0,0
363.20088479401676,12,39,0,0,0,1,0,0,1,0
2051.096330001684,13,41,0,0,1,0,0,0,0,1
1559.531387841651,23,57,0,0,1,0,0,0,0,0
3387.2175954763716,2,62,0,0,0,0,0,1,0,0
3030.8673510161884,14,27,0,0,0,0,1,0,0,1
1826.1456723467122,18,19,0,1,0,0,0,0,0,1
1093.3733085036756,16,57,0,0,1,0,0,0,0,0
4940.239650947181,2,23,0,0,1,0,0,0,1,0
2272.7380978745937,15,65,0,1,0,0,0,0,0,1
3442.9298077222843,13,35,0,0,0,1,0,1,0,0
707.0620730539121,11,34,0,0,0,1,0,0,0,1
2430.520549798692,11,55,0,0,1,0,0,0,1,0
142.5459157479801,10,62,0,0,0,1,0,1,0,0
2529.7483139626975,16,40,1,1,0,0,0,0,1,0
4820.266948552923,7,63,0,0,1,0,0,0,0,0
1924.112531364072,16,47,0,1,0,0,0,0,0,1
199.78508281168337,20,75,0,0,0,1,0,1,0,0
159.62417564212092,22,38,0,1,0,0,0,0,1,0
1942.993865934613,19,79,0,0,0,1,0,0,0,0
804.3245576336543,10,27,0,0,0,1,0,1,0,0
121.64372115928863,1,73,0,1,0,0,0,0,0,1
3782.2870016811335,9,60,0,0,0,1,0,0,0,1
2295.322429365044,9,30,0,0,0,0,0,0,1,0
1449.7776360034093,10,29,0,1,0,0,0,1,0,0
4500.915499167321,5,26,0,0,0,0,0,0,0,0
585.1141062016254,3,21,0,1,0,0,0,0,0,0
4779.81455063182,23,56,0,0,0,1,0,0,0,0
1573.2637532998774,11,41,0,0,0,1,0,0,1,0
4442.576343181862,10,78,0,0,1,0,0,0,0,0
3016.6996680149105,22,71,0,0,1,0,0,1,0,0
4134.40326190873,22,51,0,0,0,0,0,0,1,0
4920.145750236269,12,56,0,0,0,1,0,0,0,1
1445.5851619046348,4,78,0,0,1,0,0,0,1,0
4805.871749610927,5,58,0,0,0,1,0,0,1,0
1950.4620650375896,0,22,0,1,0,0,0,0,1,0
1930.631964160927,5,32,0,0,1,0,0,1,0,0
1705.233585751256,17,67,0,0,0,0,0,0,0,1
2709.330998701188,21,21,0,0,1,0,0,0,0,1
774.9544906765431,8,68,0,0,0,1,0,0,1,0
2770.788869363266,23,69,0,0,0,0,1,0,1,0
2710.81553798797,14,75,0,0,0,0,1,0,1,0
3810.699553961326,7,56,0,0,0,1,0,1,0,0
4169.08155987824,18,75,0,1,0,0,0,1,0,0
2205.004544810558,23,25,0,0,1,0,0,0,0,0
1515.1545805107112,15,66,1,0,0,0,1,0,0,1
1300.3778120988868,5,62,0,1,0,0,0,0,0,0
977.1460643408353,5,41,0,0,0,1,0,0,0,0
292.9496730841293,21,70,0,1,0,0,0,0,1,0
1715.5276542793931,2,45,0,0,0,1,0,1,0,0
1354.8872221932625,9,72,0,0,1,0,0,0,0,0
4832.2548424027045,0,60,0,1,0,0,0,0,0,0
2790.7555871189693,13,44,0,0,1,0,0,0,0,0
1739.6488099573853,3,18,0,1,0,0,0,0,1,0
2904.4356669635113,11,51,0,0,0,1,0,0,1,0
700.2875232217491,5,34,0,0,0,1,0,1,0,0
2222.9985272650033,10,54,0,1,0,0,0,0,0,0
3133.040435498214,11,79,0,0,0,1,0,0,0,0
2447.0446698032947,9,79,0,0,0,0,0,1,0,0
2011.8851092683497,17,55,0,0,0,0,0,1,0,0
4969.2727025539925,6,43,0,0,1,0,0,1,0,0
4402.17223693389,6,74,0,0,0,0,0,0,0,1
3118.9127610064033,10,41,1,0,0,0,0,1,0,0
2849.0399191055026,3,56,0,0,0,0,1,0,1,0
3105.1990967237975,19,77,0,0,0,0,1,0,0,1
1010.5539785730541,0,38,0,0,0,0,1,1,0,0
1978.7130276052715,12,47,0,0,0,0,1,0,1,0
202.1003667900421,17,64,0,0,0,1,0,1,0,0
2380.352457246699,8,68,0,0,1,0,0,1,0,0
2717.4077968685274,23,65,0,0,1,0,0,0,0,1
1142.6099318355318,23,74,0,0,0,0,0,0,1,0
4820.324091591741,8,30,0,0,1,0,0,0,0,0
4547.725781631524,22,54,0,0,0,0,0,1,0,0
3612.1054611022496,8,20,0,0,1,0,0,0,0,1
2669.266210682986,9,49,0,1,0,0,0,0,1,0
4350.495952440187,1,52,0,1,0,0,0,1,0,0
657.6084573981973,5,36,0,0,1,0,0,0,0,0
3953.5964224030504,14,31,0,0,0,1,0,0,1,0
628.4799657644072,2,65,0,0,0,0,0,0,1,0
3972.08225943428,10,39,0,0,1,0,0,0,0,1
1382.459003415528,5,34,0,0,0,0,0,1,0,0
4386.067452185854,2,76,0,0,0,0,1,1,0,0
4720.490258657862,23,21,0,0,1,0,0,0,1,0
748.2358671785526,10,62,0,0,0,1,0,1,0,0
2316.0646473016404,14,57,0,0,0,0,1,0,1,0
4905.031953922612,12,36,0,0,1,0,0,0,0,0
2419.6201426858674,19,54,0,1,0,0,0,0,0,1
4318.419874960153,9,19,0,0,1,0,0,1,0,0
2945.7139530459426,5,32,0,1,0,0,0,1,0,0
1879.7728900584113,14,19,0,1,0,0,0,0,0,1
1432.4888598517216,17,28,0,0,1,0,0,0,0,0
1020.0993399750059,17,62,0,0,1,0,0,0,0,0
3810.1819659315975,6,40,0,1,0,0,0,0,0,0
1935.7698315810242,14,27,0,0,0,0,0,0,0,0
2558.820933692752,17,20,0,0,0,0,1,0,0,0
2464.165772605904,17,22,0,0,0,1,0,0,1,0
2888.5087510194903,19,20,0,0,1,0,0,1,0,0
4328.557842394638,8,55,0,0,0,0,1,1,0,0
4903.79302119923,23,30,0,0,0,0,1,1,0,0
2040.8831218262155,1,59,0,0,0,0,0,0,1,0
4138.457015920983,7,36,0,0,0,0,1,0,0,1
3823.816334300315,19,57,0,0,1,0,0,0,0,0
2869.7771125205886,1,67,0,0,0,0,1,0,0,1
4780.455482341606,10,52,1,0,1,0,0,0,0,0
1006.3702050643719,6,41,0,0,1,0,0,0,0,0
550.774730496559,5,41,0,1,0,0,0,0,0,1
4270.540024942334,9,34,0,0,0,0,0,1,0,0
2198.5533340855727,4,57,0,0,0,1,0,0,1,0
4235.6094267642675,10,27,0,1,0,0,0,0,0,1
4465.985574951098,0,19,0,0,0,1,0,1,0,0
316.97568012726185,1,61,0,0,1,0,0,0,0,0
4417.906491115373,23,40,0,1,0,0,0,1,0,0
2244.3536815702637,0,23,0,0,0,0,1,0,0,0
2554.61028257614,18,19,0,0,0,0,1,0,0,0
3134.8295929105852,1,38,0,0,0,1,0,1,0,0
4632.2811206167835,20,72,0,0,1,0,0,0,0,0
100.48489167667132,19,73,0,0,0,1,0,0,1,0
2386.8331242474965,22,52,0,0,0,0,0,1,0,0
3440.1716019406504,20,66,0,0,0,0,1,0,0,1
3614.921253702651,23,46,0,1,0,0,0,0,0,0
3464.199495527854,3,24,0,1,0,0,0,0,0,0
676.5034713935687,11,46,0,1,0,0,0,0,1,0
1500.4809639165478,21,70,0,0,0,0,1,0,1,0
1796.7840494579823,19,54,0,0,1,0,0,0,0,1
4023.1638523591273,17,40,0,0,0,0,1,0,0,0
1397.4055627106923,0,50,0,0,0,0,1,0,0,1
1057.4712945166798,0,25,0,1,0,0,0,0,0,1
4787.45285509529,23,29,0,0,0,0,1,0,0,0
49.27210914177715,13,63,0,1,0,0,0,0,0,1
4989.115174131481,3,65,0,0,1,0,0,0,0,1
3385.7223877926913,4,27,0,0,0,0,0,0,1,0
4143.20415074834,10,32,0,1,0,0,0,0,1,0
1476.6238847492348,23,70,0,0,0,1,0,0,0,1
76.5048119469646,22,41,0,0,0,0,0,0,0,0
3690.6582452148427,12,43,0,0,1,0,0,0,1,0
4171.552262018376,15,64,0,0,0,0,0,0,0,1
3703.678279107828,23,59,0,1,0,0,0,1,0,0
718.5371850676888,12,70,0,0,1,0,0,1,0,0
3768.3724716735605,23,77,0,0,0,1,0,0,0,1
3845.769296627667,21,56,0,1,0,0,0,1,0,0
3294.4098757719244,1,75,0,1,0,0,0,0,1,0
3831.749084313953,15,20,0,0,1,0,0,0,0,0
4230.377591190272,5,19,0,0,1,0,0,0,0,1
3069.952550616105,13,23,0,0,0,0,0,0,1,0
447.58054627854693,0,38,0,0,0,1,0,0,0,0
2440.7009092877183,16,26,1,0,0,0,0,1,0,0
392.8584266846673,10,27,0,0,0,0,0,1,0,0
2040.6774400069921,18,53,0,1,0,0,0,1,0,0
2038.49691318251,2,76,0,0,1,0,0,1,0,0
334.7191714805067,10,20,0,1,0,0,0,0,1,0
1747.3585671775493,4,58,0,0,0,1,0,0,1,0
559.4355034626176,16,41,0,0,0,0,0,0,0,0
4042.1348739960645,21,39,0,0,0,1,0,0,0,1
4738.7016896925315,6,66,0,0,1,0,0,0,0,0
366.2207939134033,9,31,0,0,1,0,0,0,0,1
4775.800460422049,10,59,0,0,0,0,1,1,0,0
2615.270113687042,2,62,1,0,0,1,0,1,0,0
1501.3305613796,19,61,0,1,0,0,0,1,0,0
388.92606600443673,9,44,0,0,0,1,0,1,0,0
2505.618219011737,9,50,0,0,0,0,0,0,1,0
3973.60514473129,13,77,0,0,1,0,0,0,0,0
3536.8969539471573,11,39,0,0,1,0,0,0,0,1
255.87892726254896,14,46,0,0,0,1,0,0,0,1
369.14466766267805,9,36,0,0,0,1,0,0,1,0
2017.3520467500223,9,36,0,0,0,1,0,1,0,0
1479.9760177694766,18,23,0,0,0,0,0,0,0,0
1165.7596936649588,0,62,0,0,0,0,0,1,0,0
1408.6174720490244,23,36,0,1,0,0,0,0,1,0
4018.396302767939,9,30,0,0,0,1,0,0,0,1
4646.49412789111,1,76,0,1,0,0,0,0,1,0
2028.4879591651943,16,43,0,0,0,0,1,0,0,1
4531.024455651823,23,39,0,0,0,0,0,0,0,0
1610.8710277331704,6,38,0,0,1,0,0,0,0,1
2384.802746787239,6,53,0,0,0,0,1,0,0,0
1134.0148440909186,19,73,0,0,1,0,0,1,0,0
3204.1778306683404,8,19,0,0,0,0,1,1,0,0
4895.01067029817,21,64,0,1,0,0,0,0,1,0
3019.448014736676,1,61,0,1,0,0,0,0,0,0
1792.2813501471767,13,47,0,0,0,0,0,1,0,0
3240.8481427226893,16,44,0,0,1,0,0,0,0,0
618.9887889346109,0,24,0,0,0,0,1,1,0,0
4443.852105925666,8,37,0,0,0,1,0,1,0,0
2517.9043341452825,19,67,0,0,0,1,0,0,0,1
2249.501961488012,20,48,0,0,0,0,0,0,1,0
2931.3946183253283,18,40,0,0,1,0,0,0,0,1
3125.7953946330654,3,30,0,0,0,1,0,0,0,0
363.5201521014326,7,34,0,0,0,0,0,1,0,0
3414.673020010895,12,21,0,0,0,0,0,0,1,0
1213.4487431760704,3,74,0,0,1,0,0,1,0,0
3571.193399370416,8,31,0,0,0,1,0,1,0,0
4113.5612979490625,8,37,0,0,0,1,0,0,0,1
4020.7727452248387,21,77,0,0,0,1,0,0,0,0
2764.742332202406,17,30,0,1,0,0,0,0,1,0
2603.248612092202,11,20,0,0,0,1,0,0,1,0
718.6654268903616,9,43,0,0,0,0,1,0,1,0
3877.854021263662,10,43,0,1,0,0,0,0,0,0
1360.6898553313383,6,35,0,1,0,0,0,0,1,0
2485.993636975643,8,49,0,1,0,0,0,0,0,0
1424.949094172946,5,31,0,1,0,0,0,0,1,0
673.4726731834672,18,64,0,0,0,0,0,1,0,0
3149.6406959742244,15,20,0,0,0,0,1,0,0,0
276.3885139404046,14,18,0,0,1,0,0,0,0,1
3744.482944460369,6,43,0,0,0,1,0,0,1,0
1591.3460423292777,15,41,0,1,0,0,0,0,0,1
5.672791557404174,4,66,0,0,1,0,0,0,0,0
2558.090050489963,15,52,0,0,0,0,0,1,0,0
239.0252830953776,0,31,0,0,1,0,0,0,0,1
1384.466941315393,18,20,0,1,0,0,0,0,0,1
3536.347554841302,4,30,0,0,0,0,1,1,0,0
318.13466000121997,6,64,0,0,1,0,0,1,0,0
4197.495769318231,18,67,0,1,0,0,0,0,0,0
24.080513679622626,21,31,0,1,0,0,0,0,1,0
1237.8852266635017,4,38,0,0,0,1,0,0,0,1
3705.815760479597,16,43,1,0,0,1,0,0,0,1
1584.7693978978873,21,20,0,0,0,0,1,0,0,0
513.9524783897375,7,68,0,0,0,1,0,0,1,0
1804.3684244081373,0,57,0,0,0,0,1,0,0,0
1355.614465490705,1,21,0,0,0,0,0,0,0,1
4214.345951291972,14,53,0,0,0,0,0,0,0,1
1570.17284833779,19,68,0,0,0,1,0,1,0,0
3945.717696521156,17,60,0,0,0,0,0,1,0,0
4459.90136332962,10,18,0,0,1,0,0,0,1,0
2171.918010784765,9,57,0,0,1,0,0,0,0,1
4550.166003552688,23,64,0,0,1,0,0,0,0,1
1889.7036795461484,23,50,0,0,0,0,0,1,0,0
4820.5716903680905,3,24,0,0,1,0,0,0,0,0
451.00117500523675,4,70,0,0,0,0,1,0,0,0
3436.6612361836974,3,69,0,1,0,0,0,0,0,1
2471.6011320823586,12,69,0,0,0,1,0,0,0,1
1941.3057832509571,12,73,0,0,0,0,1,0,1,0
3165.3958343492613,17,28,0,0,1,0,0,0,1,0
3520.766172713484,23,44,0,1,0,0,0,1,0,0
26.79453190329389,1,78,0,0,0,1,0,0,0,1
838.9306782922577,15,31,0,0,0,0,1,0,0,0
3566.665022918422,0,39,0,0,0,1,0,0,1,0
3333.5951408231413,18,33,0,0,0,0,0,1,0,0
4830.407288117743,8,63,0,0,1,0,0,1,0,0
3806.383762302661,2,29,0,0,0,0,1,0,0,0
4754.109675118034,6,66,0,0,0,0,1,0,1,0
3514.1898051663607,9,63,0,1,0,0,0,0,0,0
1493.7707821540184,0,27,0,1,0,0,0,1,0,0
531.2977866430281,9,41,1,1,0,0,0,0,0,1
3910.2101974079533,20,78,0,0,0,1,0,0,0,0
3222.5253612722,8,63,0,0,1,0,0,1,0,0
245.68913190451465,14,35,1,0,0,1,0,0,0,1
1803.4520771753869,14,39,0,0,1,0,0,0,0,1
4784.215078344009,2,26,0,0,0,0,1,0,1,0
2504.503722822455,4,34,0,0,0,1,0,0,1,0
2166.4820344184245,8,55,0,0,0,1,0,1,0,0
2291.2095277706735,21,57,0,0,0,1,0,0,0,0
1048.3692064057927,8,75,0,0,0,0,0,0,0,1
1846.692318469652,22,30,0,0,1,0,0,0,1,0
1852.2172136559473,6,67,0,0,1,0,0,0,1,0
266.51332583642466,23,54,0,0,0,1,0,0,0,0
3839.000304447002,22,23,0,0,0,0,0,0,1,0
2085.4396373598756,11,38,0,0,0,1,0,1,0,0
4111.788534648034,8,68,0,0,1,0,0,0,0,0
4252.488265593877,5,53,0,0,0,0,1,0,0,1
1063.910303219797,22,24,0,0,0,0,0,1,0,0
3288.4806434397924,1,53,0,0,0,0,0,0,0,1
2364.0476117940934,8,42,0,0,0,1,0,0,0,1
4401.382905917818,16,28,0,0,0,0,1,0,1,0
1082.6246924863883,0,61,0,0,1,0,0,1,0,0
3390.676935548671,18,31,0,1,0,0,0,1,0,0
3040.721850652349,5,62,0,0,1,0,0,0,0,0
1480.0308804713047,4,46,0,0,1,0,0,1,0,0
687.3215137376072,1,27,0,0,0,0,1,0,0,0
3259.9406035839966,8,67,0,0,0,0,0,1,0,0
3694.2943033709917,13,65,0,0,1,0,0,0,0,1
1581.5585820979331,3,22,0,0,0,0,0,0,0,0
3225.9388570914575,3,25,0,0,0,0,1,1,0,0
1978.6788835194589,20,63,0,0,0,0,1,0,0,0
3567.4683819966754,14,22,0,0,0,1,0,0,1,0
1000.0802980957952,7,75,0,1,0,0,0,0,1,0
4451.6239381676905,3,77,0,0,0,0,1,0,0,0
1440.6109343455707,15,41,0,0,0,0,1,0,0,0
1842.0910088419837,20,57,0,0,0,0,0,0,0,1
295.16930064134715,3,74,0,0,0,0,1,1,0,0
562.0035005447755,15,43,0,0,1,0,0,0,1,0
2581.730204048079,21,23,0,0,0,1,0,0,1,0
1341.6254202562177,11,33,0,0,0,1,0,1,0,0
4178.223727582261,15,77,0,0,1,0,0,0,1,0
78.39347633149444,18,53,0,0,0,0,1,0,1,0
1898.5747731163212,7,29,0,1,0,0,0,0,0,0
1690.041006111618,5,28,0,0,0,0,1,0,1,0
101.54151643341717,9,20,0,0,0,1,0,0,1,0
626.2201530075486,4,61,0,1,0,0,0,0,1,0
2071.1451612185833,17,79,0,0,0,0,0,1,0,0
2466.858599314996,9,54,0,0,0,0,0,0,0,1
2024.4272875380711,9,23,0,0,0,0,1,0,0,0
2657.0337036684086,6,36,0,0,0,0,1,0,0,1
2977.682716153879,17,35,0,1,0,0,0,0,1,0
54.56948653353897,0,33,0,1,0,0,0,0,1,0
2323.1553214702517,6,40,0,0,0,0,1,0,1,0
4817.678708233504,20,60,0,0,0,1,0,0,0,1
2597.566239247096,0,54,0,0,0,0,0,1,0,0
3389.323625957471,14,26,0,1,0,0,0,1,0,0
1562.7599702948316,3,20,0,0,0,1,0,0,0,0
3871.086933873049,19,79,0,0,0,0,1,0,0,1
3865.7428019711947,9,25,0,0,1,0,0,1,0,0
2608.873758032424,22,55,0,1,0,0,0,0,0,0
4880.189047279672,8,21,0,0,1,0,0,0,1,0
632.1233227394537,1,29,1,0,0,1,0,0,1,0
89.65358612345706,13,61,0,0,0,0,0,0,0,0
3851.9402677266944,15,48,0,0,0,1,0,1,0,0
4036.741909137588,0,42,0,0,0,0,0,0,0,1
605.4351094572784,1,70,0,0,0,1,0,0,0,0
1331.5862506282374,6,33,0,1,0,0,0,1,0,0
92.6740550163114,9,59,0,1,0,0,0,0,0,0
1470.0765108489206,21,71,0,0,1,0,0,1,0,0
3866.8436602237643,19,31,0,0,0,1,0,0,1,0
2592.212835924332,0,30,0,0,0,1,0,0,0,0
1743.737487875599,12,58,0,0,1,0,0,0,0,1
1861.8377780571197,0,24,0,0,0,0,1,0,0,0
11.76136044876343,4,29,0,0,0,1,0,0,1,0
1502.5036351883532,15,54,0,0,0,1,0,0,1,0
3234.0614144814626,14,67,0,0,0,1,0,1,0,0
4871.101246862704,16,21,0,0,0,0,1,0,1,0
4236.068830784578,22,19,0,1,0,0,0,1,0,0
122.85684840441799,15,52,0,0,1,0,0,0,1,0
4493.310220350822,12,75,0,0,0,0,1,1,0,0
3917.0760744266368,10,61,0,0,0,0,0,0,0,1
3902.978737237047,16,20,0,0,0,0,0,1,0,0
2292.6888162228397,16,21,0,0,0,0,1,1,0,0
1993.0364383077415,1,55,0,0,0,0,1,0,0,1
1518.0640655217971,12,29,0,1,0,0,0,1,0,0
333.14582047705704,13,36,0,0,0,0,0,1,0,0
1145.035640651027,10,27,0,0,1,0,0,0,0,1
1236.785156715233,9,79,0,0,0,1,0,0,1,0
2422.964963202457,2,18,0,0,0,1,0,0,0,0
3738.4848109504865,16,34,0,1,0,0,0,1,0,0
2371.6800928477433,14,33,0,1,0,0,0,0,1,0
293.93302498856724,8,26,0,0,0,0,0,0,0,0
4789.160055936079,9,74,0,0,1,0,0,0,0,1
4713.907973875091,7,70,0,0,1,0,0,1,0,0
3927.0217680263,20,26,0,0,0,0,1,1,0,0
4956.682868313282,12,76,0,1,0,0,0,0,0,1
2724.6892523373135,17,72,0,0,0,1,0,1,0,0
4814.027909514764,4,26,0,0,0,1,0,0,0,0
382.64717788067014,5,29,0,0,0,0,0,0,0,0
1831.5753375655497,16,72,0,0,0,1,0,0,0,1
1130.7794336937952,10,58,0,0,1,0,0,1,0,0
983.1862552506788,19,32,0,0,1,0,0,0,1,0
708.3107297189171,15,19,0,1,0,0,0,1,0,0
3113.9561396221534,8,28,0,0,0,0,0,0,0,1
3907.702669457789,1,28,0,0,0,1,0,0,1,0
2893.6005051047014,4,25,0,1,0,0,0,0,0,0
739.0787343931073,0,72,0,0,0,0,1,0,0,0
4056.5632308176873,3,49,0,0,0,0,1,0,1,0
3181.5937622828237,3,23,0,0,0,1,0,0,1,0
1943.8877021043427,21,70,0,0,0,1,0,0,0,1
3372.2808262026347,2,37,0,0,0,1,0,1,0,0
1303.22537131795,8,56,0,0,1,0,0,0,0,0
1729.2350814285815,21,52,0,0,0,1,0,1,0,0
4587.841786444291,22,25,0,0,0,0,1,0,0,0
1456.0700058287448,11,67,0,0,0,1,0,1,0,0
2352.5913994488933,9,66,0,0,0,0,0,0,0,0
4451.254981293093,1,60,0,0,0,0,1,1,0,0
3540.0681445862997,10,51,0,0,0,0,0,0,0,1
315.70511469269024,9,74,0,0,0,0,1,0,0,0
740.7787061734568,21,70,0,1,0,0,0,0,0,1
44.168745905724506,5,76,0,0,0,0,1,0,0,0
3156.454342194671,17,73,0,0,0,0,1,0,0,0
2241.1287599250395,1,36,0,0,0,0,0,0,0,0
675.7028802568663,1,24,0,0,0,0,0,1,0,0
4789.880934678568,9,48,0,0,0,0,1,0,0,0
2650.6503211083714,15,35,0,0,0,0,1,0,0,1
1213.2570040938815,11,57,0,0,1,0,0,1,0,0
2505.514837917764,0,31,0,1,0,0,0,1,0,0
3399.7035620118636,20,56,0,1,0,0,0,0,0,0
385.8148937779546,7,77,0,0,0,1,0,0,1,0
1377.1455561642206,15,70,0,0,0,0,1,1,0,0
4035.792626965548,17,77,0,0,0,0,1,0,0,0
2301.026027661293,12,76,0,0,0,0,1,0,0,1
2735.152824451313,14,53,0,0,0,0,1,0,1,0
2166.915931036299,20,34,0,1,0,0,0,1,0,0
224.28021350181058,11,54,0,0,0,0,0,0,1,0
832.9201502016789,7,61,0,0,1,0,0,1,0,0
2230.480485515745,9,26,0,0,0,0,0,0,1,0
1049.8813997125994,13,75,0,0,0,0,0,0,1,0
254.6452481550953,4,37,0,1,0,0,0,0,0,1
4219.03007193886,17,62,0,0,1,0,0,0,1,0
4906.056683174758,18,74,0,0,0,0,1,0,0,1
3966.7486556137137,14,45,0,1,0,0,0,0,0,0
4269.655683914812,5,67,0,1,0,0,0,1,0,0
1213.6757659336417,10,37,0,0,1,0,0,0,0,1
4803.331742688433,20,58,0,0,0,1,0,1,0,0
988.6438937448747,10,53,0,1,0,0,0,0,0,1
4757.391902757352,19,70,0,0,0,0,0,1,0,0
4974.122373359925,19,44,0,0,0,0,0,0,0,1
3560.0554147015137,20,25,0,0,0,0,1,1,0,0
4905.81294030015,17,49,0,1,0,0,0,0,0,0
2849.851198937683,17,18,0,0,0,0,1,1,0,0
1301.4112069645712,9,34,0,1,0,0,0,0,0,0
2187.7944488997764,1,74,0,0,1,0,0,0,0,0
2969.8368722170358,8,26,0,1,0,0,0,0,0,0
370.04240232493987,13,37,0,0,0,1,0,0,1,0
3113.604606763144,18,62,0,0,0,0,0,1,0,0
4905.983294627661,9,49,0,0,1,0,0,0,1,0
954.5877106697195,22,19,0,0,0,0,0,0,1,0
3964.0126058604747,3,49,0,0,0,0,1,1,0,0
4539.954474929199,5,62,0,0,1,0,0,0,0,0
4718.789456137003,13,26,0,0,0,1,0,0,1,0
4800.877344005209,3,47,0,0,0,0,0,0,1,0
2609.6908954137525,14,37,0,1,0,0,0,0,0,1
4886.653000417561,15,55,1,1,0,0,0,1,0,0
3787.764484636522,6,77,0,1,0,0,0,0,1,0
812.5488240036246,16,18,0,0,1,0,0,1,0,0
2387.11603180751,18,77,0,0,0,1,0,1,0,0
3593.06422098316,18,74,0,0,0,1,0,0,1,0
1240.4648775163212,16,22,1,0,0,1,0,1,0,0
3204.8728418266924,5,52,0,0,0,0,0,0,0,0
3334.669392837863,10,53,0,0,1,0,0,0,1,0
817.6852203237867,15,18,0,1,0,0,0,0,1,0
2827.6011357015177,7,31,0,0,0,0,0,0,1,0
3859.2764203381453,10,26,0,0,0,1,0,0,0,1
2496.9838443570297,6,47,0,1,0,0,0,0,0,1
65.45506829665659,23,41,0,0,1,0,0,0,0,1
50.14715305106443,21,21,0,0,0,0,1,0,0,1
1788.361573130211,18,67,0,0,0,1,0,0,1,0
4631.339371816751,9,31,0,0,0,1,0,0,0,0
1147.2405141200259,8,42,0,0,0,1,0,1,0,0
3173.6466259140775,3,21,0,0,0,1,0,1,0,0
1114.2689741131362,22,42,0,1,0,0,0,0,1,0
1611.7415983494454,14,27,0,0,1,0,0,0,0,0
4240.970237559412,12,52,0,0,0,0,0,1,0,0
3645.6629041383844,1,72,0,1,0,0,0,0,0,0
481.5193901794871,1,24,0,0,1,0,0,0,1,0
2146.366594827236,15,59,0,0,0,0,0,0,0,1
150.702969408096,8,30,0,0,0,1,0,0,0,0
2407.04628228203,12,21,0,0,1,0,0,1,0,0
3313.857888446835,2,67,0,0,0,1,0,1,0,0
596.9206048727671,8,60,0,0,1,0,0,1,0,0
1447.9802698512824,12,74,0,0,0,0,1,0,0,1
1992.193944383274,20,53,0,0,0,1,0,0,0,0
4598.057468156969,21,73,0,0,0,1,0,0,0,0
4966.308802037705,1,31,0,0,0,1,0,1,0,0
229.3319384831012,7,35,0,1,0,0,0,0,0,0
3806.234577859483,8,25,0,0,0,0,0,1,0,0
1861.7617116797044,15,49,0,0,0,1,0,0,0,0
1965.3286402162528,1,44,0,0,0,1,0,0,0,1
3772.5535418683785,5,59,0,1,0,0,0,0,0,1
4592.540028566316,21,54,0,1,0,0,0,0,1,0
4754.888329540229,7,40,0,0,0,0,1,0,1,0
2887.7273172614123,4,24,0,0,1,0,0,0,1,0
1788.8201907060115,8,29,0,0,0,1,0,0,0,0
3938.8076838646025,0,42,0,0,1,0,0,0,0,1
1258.7519093951898,8,20,0,1,0,0,0,0,0,1
2822.5497740234214,9,43,0,1,0,0,0,0,0,1
1796.0994153167414,22,21,0,0,0,0,1,1,0,0
3284.872213170841,3,59,0,0,0,0,0,0,0,0
1205.792569903067,2,53,0,1,0,0,0,0,0,0
962.0067639454547,9,32,0,0,0,1,0,0,1,0
4591.604237943809,14,49,0,0,0,0,1,1,0,0
513.5093963329368,10,46,0,0,0,0,0,1,0,0
2532.259749135984,13,27,0,0,0,0,1,0,0,1
1108.1596509002295,5,38,0,1,0,0,0,0,1,0
199.45516681170892,11,79,0,0,0,0,0,0,0,0
184.91399736567482,12,71,0,0,1,0,0,1,0,0
880.2327516686075,16,33,0,0,0,0,0,0,0,1
4334.517920757471,15,64,0,0,0,1,0,0,0,0
1415.9813261652482,2,36,0,0,1,0,0,0,0,1
4752.543557023602,1,46,0,0,1,0,0,0,0,0
2910.2033534810216,10,69,0,0,0,1,0,0,0,1
2185.8878778949866,8,68,0,0,1,0,0,0,0,0
2902.543729173926,2,35,0,1,0,0,0,0,1,0
2585.9084342052074,17,75,0,0,0,0,0,0,0,0
3795.087387517839,19,61,0,0,0,0,0,0,0,0
1416.067849534397,14,74,0,0,0,1,0,0,0,0
1768.4867060435104,13,33,0,1,0,0,0,0,0,1
4471.001041153588,1,18,0,0,1,0,0,1,0,0
4732.550283186275,16,65,0,0,0,0,0,0,0,0
4463.32834629494,21,19,0,0,0,0,0,0,0,0
2100.1427298167814,7,73,0,0,0,0,0,0,1,0
3902.925687519374,9,32,0,0,0,0,0,0,0,0
2384.2969878389886,17,56,0,0,0,0,1,0,1,0
2490.2115614697805,18,45,0,0,0,1,0,0,0,0
1027.3771447411334,7,18,0,0,1,0,0,0,0,1
2957.69586477629,7,22,0,0,1,0,0,1,0,0
934.7488092779729,2,59,0,0,0,1,0,1,0,0
1661.165671840633,2,39,0,1,0,0,0,1,0,0
4275.875857091576,11,70,0,0,0,1,0,0,0,1
1039.343667008222,21,53,0,0,0,0,0,0,1,0
360.4356344412969,16,63,0,0,0,0,0,1,0,0
349.69292510101747,3,30,0,0,0,1,0,0,0,1
4704.218679913024,16,18,0,0,0,1,0,0,0,1
2537.067587619364,13,33,0,0,1,0,0,0,0,0
2050.0132987260067,18,72,0,0,1,0,0,0,1,0
4055.3385121345527,8,58,0,0,0,0,1,0,0,1
4179.950509913027,20,39,0,0,0,0,1,0,1,0
1664.294210412445,11,49,0,0,0,0,0,1,0,0
3469.6221970816073,4,33,0,0,0,0,1,1,0,0
3856.7584651801735,10,68,0,0,0,0,1,1,0,0
3274.9801808954426,19,32,0,1,0,0,0,0,0,0
762.2173986264963,2,75,0,0,0,1,0,0,0,0
4380.0360021677,20,63,0,0,1,0,0,0,1,0
2697.7772909163637,14,69,0,0,0,0,1,0,1,0
1415.9497697181685,13,59,0,0,1,0,0,0,0,0
2129.014786261281,10,70,0,0,0,0,1,0,0,1
192.66759654254236,19,29,0,0,0,0,1,0,1,0
643.6946721059757,7,77,0,0,0,0,0,0,1,0
3828.906018826725,3,18,0,1,0,0,0,1,0,0
5.058115603053875,11,70,0,0,0,1,0,0,1,0
2085.7463132690496,7,34,0,0,0,1,0,0,1,0
2614.938354522514,5,58,0,0,0,0,0,0,0,1
277.89892790485663,14,72,0,0,0,0,0,0,1,0
4865.525424046803,11,68,0,0,0,1,0,0,0,1
1134.4960295921114,15,74,0,0,0,1,0,1,0,0
1524.4726045832228,15,67,0,1,0,0,0,0,0,0
1523.1928487138616,20,45,0,0,0,0,1,1,0,0
1155.9312272761629,19,24,0,1,0,0,0,0,0,1
12.361741321125523,19,26,0,0,0,1,0,0,0,1
3648.077246469542,3,39,0,0,0,0,1,0,1,0
4834.393271497431,10,43,0,0,0,1,0,0,1,0
1125.3459490088,12,70,0,1,0,0,0,0,0,0
3316.920723058095,8,29,0,1,0,0,0,0,0,1
3710.7721531587817,3,24,0,1,0,0,0,0,0,1
4242.884768557171,11,63,0,0,0,0,1,1,0,0
2116.0328390829777,8,64,0,0,1,0,0,0,0,0
1518.139873673944,12,32,0,0,1,0,0,1,0,0
1629.8491944450404,15,55,0,0,0,1,0,0,1,0
3564.5435588270716,5,38,0,0,0,0,1,0,1,0
4084.813435195652,9,31,0,0,0,0,0,1,0,0
912.1617689442303,12,19,0,0,1,0,0,0,1,0
1857.8503357480372,6,25,0,0,0,0,1,1,0,0
4510.191282762004,18,62,1,0,0,0,1,0,0,1
4034.4341308752223,23,72,0,0,1,0,0,0,0,1
4924.367721798567,18,23,0,0,0,0,1,0,1,0
3772.4700571119934,16,54,0,0,0,0,1,0,0,0
1969.0100291344718,12,54,0,0,1,0,0,0,0,1
2955.2359808032156,12,74,0,1,0,0,0,0,1,0
3306.766199965365,20,50,0,0,0,1,0,0,0,0
396.8868025040341,1,58,0,0,0,0,0,0,1,0
2724.762310723806,9,23,0,0,0,1,0,1,0,0
3548.057538220685,21,69,0,1,0,0,0,0,1,0
840.7699134852966,12,43,0,1,0,0,0,1,0,0
3904.255428540658,8,79,0,0,0,0,1,0,0,1
2920.945038667988,0,56,0,0,0,1,0,0,0,1
4761.347819559485,13,58,0,1,0,0,0,0,1,0
216.89937954342403,15,54,0,0,0,1,0,0,0,0
1330.3040570895575,19,31,0,1,0,0,0,0,1,0
3009.7616271026213,14,54,0,0,0,0,0,0,1,0
1486.3167614686238,0,25,0,1,0,0,0,0,0,1
3573.5486995358547,16,56,0,0,0,1,0,0,0,1
3796.231386197045,23,30,0,0,0,0,1,0,1,0
517.0672405120399,12,30,0,0,0,1,0,0,0,1
2571.703048712805,14,57,0,0,1,0,0,1,0,0
2546.908325177324,15,60,0,0,0,1,0,0,1,0
1849.5574472266276,15,45,0,0,0,0,0,0,0,1
4664.959688535512,1,75,0,0,0,0,0,0,1,0
4138.39406776674,16,35,0,0,0,0,0,0,0,1
3487.5608626386356,10,74,0,1,0,0,0,1,0,0
3573.0615454963126,7,36,0,0,0,0,0,1,0,0
2311.27213834653,19,55,0,0,0,1,0,0,1,0
4605.367632877396,2,49,0,0,0,0,1,1,0,0
3474.5041591301606,11,39,0,0,0,0,0,1,0,0
3646.260402970803,19,19,0,0,0,1,0,0,0,1
4309.14606441779,15,77,0,1,0,0,0,0,1,0
1373.987588764244,13,30,0,1,0,0,0,0,0,1
4036.3191648141815,15,40,0,0,0,0,1,0,0,1
980.2268117676778,20,42,0,0,0,0,1,0,0,0
1729.9830514632147,16,45,0,0,0,1,0,1,0,0
1681.3742190778644,10,75,0,0,0,0,1,0,0,1
4892.734714603757,16,28,0,0,0,0,1,0,0,1
4283.403432620895,18,50,0,1,0,0,0,0,0,1
3507.3434586433473,21,41,0,0,0,1,0,1,0,0
3636.6485242688736,0,19,0,0,0,0,1,1,0,0
2812.5536080408424,11,47,0,0,0,1,0,1,0,0
4735.717882207053,14,34,0,0,0,0,0,0,1,0
2483.812470647396,17,57,0,1,0,0,0,0,0,1
1905.6859608001232,22,51,0,1,0,0,0,1,0,0
819.3615079732971,13,55,0,1,0,0,0,0,0,1
3932.0972330439845,0,39,0,0,1,0,0,0,1,0
3673.5474407175793,12,22,0,0,0,1,0,0,0,0
1924.8534174280537,14,65,0,0,0,0,0,0,1,0
130.84110272635064,6,57,0,0,0,0,1,1,0,0
4195.791651951464,14,68,0,0,0,0,0,1,0,0
62.032827353097794,19,33,0,0,0,1,0,0,1,0
3519.9803992471093,9,30,0,1,0,0,0,0,0,1
4851.4342630816545,13,43,0,0,1,0,0,1,0,0
2191.118334100276,5,48,0,0,0,1,0,1,0,0
1178.692157954784,13,69,0,0,0,1,0,0,1,0
3525.830695166692,23,56,0,0,0,0,1,0,0,1
4086.555069367848,21,65,0,0,0,0,0,0,1,0
2734.4194288088474,11,40,0,0,0,0,0,0,1,0
4835.34119990445,10,65,0,0,0,0,1,0,0,1
263.0852646815157,19,78,0,0,1,0,0,0,0,1
2526.454013531118,21,29,0,1,0,0,0,0,0,0
3593.6774668761377,23,31,0,1,0,0,0,0,1,0
4313.889153390149,18,73,0,0,1,0,0,0,0,1
900.3817814794113,1,35,0,0,0,0,1,1,0,0
4001.0173914095885,21,44,0,0,0,1,0,0,0,0
2765.7718432141337,19,45,0,0,0,0,0,0,1,0
1985.7856415398662,0,35,0,0,0,1,0,0,0,1
662.9165677525723,7,33,0,0,0,0,0,0,0,0
4327.152315750018,13,69,0,0,0,1,0,0,0,0
790.5796748576781,8,33,0,0,0,0,1,1,0,0
1552.3903567494506,1,30,0,0,0,0,1,0,0,0
1453.7774321523723,22,75,0,0,1,0,0,0,1,0
4357.713100783317,4,46,0,0,0,1,0,0,0,1
3365.1514560734454,22,26,0,0,0,1,0,0,0,0
3984.4235789709046,7,43,0,0,1,0,0,0,0,0
1256.0871544685324,15,45,0,0,1,0,0,0,1,0
3126.2461275369596,21,58,0,0,0,0,1,1,0,0
2860.8711858030247,15,30,0,0,0,0,1,1,0,0
4164.987732057414,12,78,0,0,0,1,0,0,0,1
4530.904867103896,19,53,0,0,0,0,1,0,1,0
65.7230735295471,14,26,0,0,0,0,1,1,0,0
3371.7294956986693,0,64,0,0,0,1,0,0,0,1
263.91981660304646,21,31,0,0,1,0,0,0,0,1
2746.5490320613926,2,68,0,0,0,1,0,1,0,0
1441.7254815731726,5,29,0,1,0,0,0,0,1,0
1537.3491146130953,21,70,0,0,0,1,0,0,0,0
1768.027724744521,13,75,0,1,0,0,0,1,0,0
3108.3557830028026,3,74,0,0,0,1,0,0,0,0
1673.5795785155021,17,49,0,1,0,0,0,0,0,0
3664.8317576984505,14,55,0,1,0,0,0,0,1,0
2025.614290941479,8,20,0,0,0,1,0,0,1,0
346.4242355482433,17,75,0,0,0,0,1,0,0,1
3919.8804132081154,2,74,0,0,0,0,0,0,1,0
1432.3628313405666,9,71,0,0,0,0,1,0,0,1
2166.6705635983167,16,69,0,1,0,0,0,1,0,0
3428.792196693398,6,33,0,0,0,1,0,0,0,0
1665.6185049578164,14,79,0,0,0,1,0,0,1,0
287.6453524528445,0,37,0,0,0,1,0,1,0,0
1872.735629829004,10,49,1,0,0,1,0,0,0,1
4722.520670558046,16,73,0,0,0,0,0,0,1,0
3210.463314506298,4,40,0,0,1,0,0,0,0,0
3359.0383475926988,6,34,0,1,0,0,0,1,0,0
3163.249357420011,18,33,0,0,0,0,0,0,1,0
998.9657341023868,23,55,0,0,0,0,1,0,1,0
2094.5776511908894,14,25,0,0,1,0,0,1,0,0
3755.9442928247745,2,36,0,0,1,0,0,0,0,1
511.35762327802996,14,47,0,0,0,1,0,0,0,1
1392.8746165681127,4,74,0,0,0,0,0,0,1,0
1385.2139467869388,22,75,0,0,0,0,1,0,0,1
2162.9345433345575,11,51,0,0,0,1,0,0,0,1
4901.941861006215,19,31,0,0,0,1,0,1,0,0
342.1752206856906,4,39,0,1,0,0,0,0,0,1
2595.911466931072,2,61,0,0,1,0,0,0,0,1
900.9265866509912,8,34,0,0,0,0,1,1,0,0
4853.5293443216715,8,77,0,0,1,0,0,0,1,0
570.9510061136837,6,76,0,0,0,0,0,0,1,0
2020.9870067961483,1,32,0,1,0,0,0,1,0,0
3690.735499248858,22,67,0,0,0,1,0,0,0,0
3524.2493679970894,22,65,0,1,0,0,0,1,0,0
2116.5295412851915,20,49,0,0,0,1,0,0,0,0
1735.8882189238275,15,30,0,1,0,0,0,0,0,1
1991.0738308715886,8,38,0,0,0,1,0,0,1,0
1325.0599344774032,12,66,0,0,1,0,0,0,0,0
1030.638028840465,18,57,0,0,1,0,0,0,0,0
2417.7832893066557,19,50,0,0,1,0,0,0,0,1
1346.3261115576986,16,78,0,0,1,0,0,0,1,0
1440.8710161617644,5,74,0,1,0,0,0,0,0,1
3285.4965370554123,3,75,0,0,0,1,0,0,1,0
4842.843971840962,0,44,0,0,1,0,0,0,1,0
3020.1678167940786,17,52,0,1,0,0,0,0,0,1
389.51243798950657,18,33,0,0,0,1,0,0,0,0
382.54015120106453,8,45,0,1,0,0,0,1,0,0
4757.358988123602,12,51,0,0,1,0,0,0,1,0
1489.9674975851315,7,64,0,0,0,0,0,0,1,0
464.8745954819648,22,18,0,1,0,0,0,1,0,0
2997.227712816156,12,58,1,0,1,0,0,1,0,0
3120.1256475598793,14,65,0,0,0,0,1,0,0,1
3244.2815764928473,10,48,0,0,0,1,0,0,1,0
1340.6731291484189,11,53,0,0,1,0,0,0,0,1
80.4778676513028,13,61,0,0,0,0,1,1,0,0
4825.251770425087,3,50,0,1,0,0,0,0,0,1
1258.210763227057,0,50,0,1,0,0,0,0,1,0
3381.7513088224746,23,56,0,0,0,0,1,0,0,0
3534.616200044154,3,35,0,0,0,0,1,0,0,0
3051.987048312031,18,40,0,0,0,1,0,0,1,0
1567.972434097173,8,77,0,1,0,0,0,0,0,1
1359.1257875515084,9,40,0,0,0,0,1,1,0,0
2990.353072100002,3,32,0,0,0,0,0,1,0,0
4331.147689890399,19,43,0,0,0,0,0,0,0,0
4733.934975972361,8,47,0,0,0,0,1,0,0,1
533.9994929967694,12,42,0,0,0,1,0,1,0,0
778.3689199256106,11,62,0,1,0,0,0,1,0,0
4723.957612621482,10,33,0,0,0,0,0,0,1,0
3683.993465532289,11,56,0,0,0,0,1,0,0,1
4415.554155024716,17,65,0,0,0,0,1,0,0,1
1017.1500075060391,11,62,0,0,1,0,0,1,0,0
2939.9914261914623,15,31,0,0,0,0,1,0,0,1
3507.1922741152807,4,34,0,0,0,1,0,0,0,1
3402.158867807628,19,29,0,0,0,0,0,0,0,1
2043.7176958791572,11,46,0,0,1,0,0,0,1,0
81.89748399808585,20,49,0,0,0,0,0,1,0,0
2916.7156537372944,10,73,0,0,0,0,0,0,0,0
1269.2421882021458,8,41,0,0,0,1,0,0,0,1
2254.0199594837372,17,69,0,0,0,0,1,1,0,0
4788.117170343668,2,30,0,0,0,1,0,0,0,0
1998.1814116239614,19,73,0,0,0,0,1,0,1,0
4199.809025288811,16,37,0,0,1,0,0,1,0,0
946.7603257175094,13,32,0,0,0,1,0,0,1,0
3363.940187635019,0,73,0,0,0,1,0,1,0,0
4885.149737422523,16,70,0,1,0,0,0,0,1,0
513.9560388603193,7,21,0,0,0,1,0,1,0,0
46.5581114248241,4,71,0,1,0,0,0,0,1,0
2170.7460491999086,4,51,0,0,0,0,1,0,0,0
467.66428784157915,8,45,0,0,0,0,1,1,0,0
3743.1798266327755,2,67,0,0,0,0,1,0,0,0
4573.170575923552,18,19,0,1,0,0,0,0,0,1
2172.9347586802505,22,74,0,0,0,0,1,0,0,0
1297.2646525664277,8,64,0,0,0,0,0,1,0,0
2174.844578438016,21,47,0,0,0,1,0,0,0,0
3618.621850160755,17,43,0,1,0,0,0,1,0,0
50.22553709395304,15,68,0,0,0,0,1,0,1,0
2949.3226774760624,0,64,0,0,0,0,0,0,0,1
3068.3919660124584,1,43,0,0,0,1,0,0,0,0
3190.252793245198,13,37,0,0,0,1,0,0,0,1
1213.9002895044816,13,59,0,0,0,0,1,0,0,0
3571.693353273743,0,45,0,0,0,0,0,1,0,0
461.50047422722315,15,73,0,1,0,0,0,0,0,0
1000.3553306516701,14,37,0,0,0,0,1,0,0,1
4387.9628830391375,14,28,0,0,0,1,0,0,0,0
3694.922137879199,11,75,0,0,0,1,0,0,0,1
73.65904228666953,15,27,0,0,0,1,0,0,0,1
1245.639420547152,13,78,0,0,0,0,1,1,0,0
1075.960382550857,23,40,0,0,1,0,0,0,1,0
1357.677608544678,14,54,0,0,1,0,0,0,1,0
1241.5610525480326,22,58,0,0,1,0,0,0,0,0
317.31884723551445,14,69,0,0,0,0,0,0,0,1
2297.4078804011174,18,36,0,0,0,0,1,1,0,0
3665.003706556895,7,62,0,0,0,1,0,0,1,0
3035.6249649635947,1,35,0,0,0,0,0,1,0,0
3365.9939846474085,1,66,0,0,1,0,0,1,0,0
410.3401467885146,9,44,0,1,0,0,0,0,0,1
4757.696097333052,2,23,0,0,0,0,0,0,0,0
4193.266710045909,22,27,0,0,0,0,0,0,0,1
4026.426140885835,16,19,0,0,0,0,1,0,1,0
4115.804106183628,7,41,0,0,0,0,0,0,1,0
4663.888988123143,22,55,0,0,0,0,1,1,0,0
2723.54856073792,3,45,0,1,0,0,0,0,0,1
1005.4086792487914,13,45,0,0,0,1,0,0,0,1
3085.834121223443,20,70,0,0,0,1,0,1,0,0
3715.693060871355,9,62,0,0,1,0,0,0,0,0
3690.8973798033567,0,67,0,0,1,0,0,1,0,0
2609.6378757135662,3,56,0,1,0,0,0,1,0,0
346.9513030712224,0,19,0,0,0,1,0,0,1,0
1858.7091274584884,16,78,0,0,1,0,0,0,0,1
4604.22920927447,16,63,0,0,0,0,0,0,1,0
2924.322304238343,6,22,0,0,0,0,1,1,0,0
2693.9680565622884,22,67,0,0,1,0,0,0,0,1
1347.9233043390566,19,28,0,1,0,0,0,1,0,0
1845.4023549833116,14,27,0,0,0,1,0,1,0,0
4477.25371532008,12,60,0,1,0,0,0,0,0,0
3333.9829223965444,1,76,0,0,0,0,1,0,1,0
3937.9981986279026,18,19,0,0,0,0,1,0,1,0
2274.4553882229375,23,32,0,1,0,0,0,1,0,0
3153.0848611835086,12,56,0,0,1,0,0,0,0,0
1245.6761256723216,23,58,0,0,1,0,0,1,0,0
3528.776847266014,10,54,0,0,0,1,0,1,0,0
2140.8686618481697,21,24,0,0,0,1,0,1,0,0
2215.514846499654,14,37,0,0,0,0,0,0,0,0
3248.3650112615237,9,51,0,0,0,0,0,0,0,1
4681.721704237289,8,52,0,0,0,1,0,0,0,0
324.7117013100615,8,51,0,0,0,0,0,1,0,0
4124.592470548303,19,70,0,1,0,0,0,0,0,1
1465.4536365089045,0,39,0,0,1,0,0,1,0,0
2222.377675259357,16,48,0,0,0,0,0,0,0,0
114.45707723116973,11,40,0,0,0,0,0,0,0,0
1508.7251587823937,9,36,0,1,0,0,0,0,0,1
2515.6430569375016,4,21,0,0,0,0,1,0,0,0
285.5995063504579,17,41,0,0,0,1,0,1,0,0
2458.02316826891,14,37,0,1,0,0,0,0,0,1
4635.917591147844,5,56,0,0,0,0,1,0,1,0
531.4391244484871,6,45,0,1,0,0,0,1,0,0
3823.381436737144,16,71,0,0,1,0,0,0,1,0
2051.3069116130832,5,56,0,1,0,0,0,0,0,1
3277.5927040490683,7,34,0,1,0,0,0,0,0,1
1304.8818069362205,11,36,0,0,1,0,0,1,0,0
801.6638513940846,20,71,0,0,0,1,0,0,0,0
806.510758284776,13,65,0,0,0,0,1,1,0,0
357.1072684875075,11,52,0,0,0,0,0,0,0,0
932.3052909817089,22,49,0,0,0,1,0,0,0,0
3322.7758280198964,9,64,0,1,0,0,0,1,0,0
4409.0446061583225,21,63,0,0,0,0,0,0,0,1
4071.557799527853,19,64,0,0,1,0,0,1,0,0
3427.245877823048,14,63,0,0,0,1,0,0,1,0
556.6071577384579,6,56,0,0,0,0,1,0,0,1
1449.4912942482695,8,74,0,0,0,1,0,0,0,0
1552.4853422357326,9,52,0,0,0,1,0,0,0,1
1253.5349472561181,9,47,0,0,0,0,0,1,0,0
2577.453270250067,15,34,0,0,1,0,0,0,0,1
2680.0913053239647,6,59,0,0,1,0,0,0,0,0
1787.6454459796955,4,64,0,0,0,1,0,0,0,0
1772.1768478884978,22,46,0,0,1,0,0,0,0,1
4143.635211540876,2,23,0,0,0,0,0,0,1,0
3947.51777735683,17,77,0,0,0,0,0,0,0,0
1542.4401792453245,10,34,0,0,0,0,1,0,1,0
4569.37327714693,14,34,0,0,1,0,0,0,0,0
4764.311009927517,20,31,0,0,0,0,1,0,0,1
1637.0789974400539,19,41,0,1,0,0,0,0,0,0
1775.352619221309,4,74,0,0,0,0,0,0,1,0
2530.6425963426846,23,67,0,0,0,1,0,0,1,0
4705.8984586056995,11,74,1,0,0,0,0,0,0,1
4382.2155685458465,3,54,0,1,0,0,0,0,1,0
517.326973105031,14,78,0,0,0,1,0,0,1,0
1966.690062640724,8,57,0,0,1,0,0,0,0,1
2769.0890928001104,6,56,0,0,1,0,0,0,0,0
2518.1467003949424,9,72,0,0,0,0,0,0,0,1
973.3460243447789,22,49,0,0,0,1,0,0,0,0
4294.7897719849325,12,53,0,0,0,1,0,0,0,0
3386.3192110692025,7,67,0,0,0,0,1,0,0,0
4190.3523323847585,11,54,0,1,0,0,0,1,0,0
4294.527575350614,21,65,0,0,1,0,0,0,0,0
3743.0374890603703,23,31,0,0,0,0,0,0,0,1
2198.856953242338,18,44,0,0,0,1,0,0,0,1
3054.6810413020457,0,76,0,0,1,0,0,0,0,1
806.025203568117,15,36,0,0,0,0,0,1,0,0
3369.858860287164,21,48,0,0,1,0,0,0,1,0
900.3700124177074,16,63,0,0,0,0,0,1,0,0
3471.278204598233,17,26,0,0,1,0,0,0,0,1
1151.8428129660736,10,55,0,0,0,0,1,0,0,1
592.1687442503487,17,34,0,1,0,0,0,0,1,0
830.5960282640724,6,36,0,0,1,0,0,1,0,0
14.950715419255989,17,61,0,1,0,0,0,0,0,1
3595.1043911783836,7,21,0,0,1,0,0,0,0,0
3663.3432400466036,5,65,0,0,0,1,0,0,0,0
2577.092082816731,6,74,0,0,0,0,1,0,0,1
811.0071912716415,22,28,0,0,0,0,1,0,0,0
422.35391586589526,21,39,0,1,0,0,0,0,1,0
100.54918735424862,9,21,0,0,0,1,0,0,0,1
832.9121439412775,10,34,1,0,0,0,0,1,0,0
4454.823397240818,12,25,0,0,0,0,1,0,0,1
1211.4765242999003,8,63,0,0,0,1,0,0,1,0
1774.5852794499922,6,76,0,0,0,1,0,1,0,0
531.2006949842593,8,51,0,1,0,0,0,0,1,0
1115.6947172171106,12,28,0,0,0,1,0,0,0,0
2598.5267310471245,2,48,0,0,0,1,0,0,0,0
3040.7246520627846,2,28,0,0,0,0,0,0,0,0
1230.5348092602242,0,73,0,1,0,0,0,0,1,0
293.37213532946043,20,71,0,1,0,0,0,0,1,0
1958.2091812913563,19,73,0,0,0,1,0,0,0,1
1174.8458377770392,1,55,0,0,0,0,0,1,0,0
1101.6718465328606,2,70,0,0,1,0,0,1,0,0
4799.514699553709,14,38,0,0,0,0,1,0,1,0
3083.4209271989916,23,63,0,1,0,0,0,0,1,0
2786.607823644619,5,47,0,0,0,0,0,0,0,0
2081.796642098993,12,27,0,0,0,0,0,0,1,0
2147.5769454835704,20,43,0,0,0,1,0,0,0,0
2706.820494171214,0,44,0,0,0,0,1,0,1,0
3483.666886145356,19,25,0,1,0,0,0,1,0,0
3512.219750428238,18,56,0,0,1,0,0,0,0,1
862.6110689887206,0,25,0,0,0,1,0,0,1,0
2503.0631966227515,20,77,0,1,0,0,0,0,0,0
2062.7306846953393,21,25,0,1,0,0,0,0,0,1
4353.2821965155745,1,72,0,0,0,0,0,0,0,0
3158.9375114857903,14,51,0,0,0,0,1,0,0,0
2664.857811747829,13,76,0,0,1,0,0,0,0,1
581.3962376836922,18,33,0,0,0,0,1,0,0,1
3030.16125717044,10,58,0,0,0,0,0,0,0,1
590.433508872766,14,30,0,0,1,0,0,0,1,0
1689.3468449509317,5,40,0,0,1,0,0,0,0,1
718.4956142475877,19,29,0,0,0,1,0,0,1,0
3461.907866886723,8,44,0,0,1,0,0,1,0,0
1035.2293086115822,4,39,0,1,0,0,0,1,0,0
1962.3375690741898,19,49,0,0,0,0,1,0,0,0
4478.895514205799,1,74,0,0,0,0,1,0,0,0
1025.5603350778565,5,78,0,0,0,1,0,0,1,0
2541.4862944741017,17,66,0,0,1,0,0,0,0,0
2099.26194752428,22,44,0,0,0,0,0,1,0,0
95.52958502342001,18,19,0,1,0,0,0,0,1,0
3964.8267772962,8,62,0,0,0,1,0,0,1,0
349.88430204142566,20,50,0,0,1,0,0,0,0,1
2373.9038297798834,23,43,0,0,0,0,0,0,1,0
2805.588083220055,5,45,0,0,1,0,0,0,0,0
3143.9901507898626,13,36,0,0,0,1,0,1,0,0
3444.7149883928387,23,60,1,0,0,0,0,0,0,0
1270.0955556959618,12,22,0,0,0,0,0,1,0,0
54.84398940895462,10,50,0,0,0,0,0,0,0,1
3618.6010934627852,11,37,0,0,0,0,0,1,0,0
2680.604713741155,18,47,0,0,1,0,0,0,0,1
4181.4079275202075,18,62,0,0,0,0,0,0,0,0
4107.834872688968,20,25,0,0,1,0,0,0,0,1
4217.414208100477,18,55,0,0,0,0,0,0,1,0
2428.047826597803,23,78,1,0,0,0,0,0,1,0
1671.473837205144,12,34,0,0,0,1,0,1,0,0
3958.833221943893,13,61,0,0,1,0,0,0,0,0
2259.2140945811284,23,18,0,0,1,0,0,0,0,0
921.2937710351554,17,20,0,0,0,0,1,1,0,0
4275.595227709564,11,63,0,0,0,1,0,0,1,0
4413.386584477875,3,43,0,0,1,0,0,0,0,1
2334.2172319201495,9,48,0,0,0,1,0,1,0,0
383.12013791238843,16,25,0,0,0,1,0,0,0,1
1942.1913191350716,3,60,0,0,0,1,0,0,0,1
4018.6706090157036,11,76,0,1,0,0,0,0,0,0
4509.361272588412,12,63,0,0,1,0,0,0,1,0
1021.3463487754913,3,25,0,0,0,1,0,0,0,1
339.53319206623127,9,78,0,1,0,0,0,0,1,0
4387.365513398529,2,52,0,1,0,0,0,0,0,0
1950.077670199482,14,56,0,0,0,0,0,1,0,0
2711.0960165164784,1,45,0,0,0,0,0,1,0,0
4840.488731193541,16,68,0,0,1,0,0,0,0,0
337.4908159315432,5,21,0,0,0,0,0,0,0,0
3243.348447223217,7,74,0,0,1,0,0,0,0,1
375.15658576146103,2,33,0,1,0,0,0,0,0,0
1880.4672976901693,17,30,0,1,0,0,0,1,0,0
4020.0536532412666,21,37,0,0,1,0,0,0,1,0
2170.193802614394,0,68,0,0,0,0,0,0,1,0
4985.925857745237,15,22,0,0,0,0,0,0,1,0
2797.5011283082777,6,72,0,0,1,0,0,0,1,0
1609.2049524165877,2,54,0,0,0,0,1,0,0,0
1104.456072894242,22,37,0,0,0,0,0,0,0,0
1755.8500687593782,3,41,0,0,0,1,0,0,1,0
1865.8037024289563,8,53,0,0,0,0,0,0,0,0
348.22482023118505,4,51,0,0,0,0,1,0,0,1
1851.023126136732,18,75,0,1,0,0,0,0,0,0
2323.8714060974285,14,62,0,1,0,0,0,0,0,1
3615.075072432829,7,79,0,1,0,0,0,0,0,1
3285.363776184432,5,65,0,0,0,0,0,0,0,0
3545.2844478696256,17,71,0,1,0,0,0,0,1,0
46.77659097490121,18,51,0,0,0,0,1,0,0,1
1092.2486609047776,23,36,0,0,0,0,1,0,0,0
3310.113020557283,14,34,0,0,0,0,0,1,0,0
2422.526894057837,6,22,0,0,0,1,0,0,1,0
31.540810963388,9,42,0,0,0,0,0,1,0,0
4023.4507389469527,5,35,0,1,0,0,0,0,0,1
3865.1838185852353,13,77,0,0,0,0,0,1,0,0
2744.3537191528453,16,72,0,0,0,0,1,0,0,0
336.98431225247924,8,70,0,0,0,0,0,0,1,0
3833.74267241526,18,67,0,0,0,0,0,0,0,1
2920.649370718163,4,25,0,0,0,1,0,0,0,0
3910.890085904006,22,44,0,0,0,0,1,0,1,0
3759.9762270172228,6,32,0,0,1,0,0,0,0,1
4015.9953494293964,18,62,0,0,1,0,0,0,0,1
2592.450291691101,19,30,0,0,0,0,1,0,0,1
705.9209683766073,6,33,0,0,1,0,0,0,0,1
3357.431579531545,23,39,0,1,0,0,0,1,0,0
3104.266556334593,1,37,0,0,1,0,0,1,0,0
3712.5546700594405,22,30,0,1,0,0,0,1,0,0
853.5556252234229,15,37,0,0,0,0,1,0,0,1
978.9011235019447,12,19,0,0,1,0,0,1,0,0
4452.595538510545,7,52,0,0,1,0,0,0,1,0
3751.1391032680935,5,64,0,1,0,0,0,0,0,1
4541.601301058113,5,72,0,1,0,0,0,0,1,0
3794.7830292137837,8,36,0,0,0,0,0,0,1,0
2987.790753421558,3,62,0,0,0,1,0,1,0,0
3272.393021454229,10,54,0,0,1,0,0,0,0,1
4446.193980080349,4,75,0,0,0,1,0,1,0,0
2896.139738787143,16,71,0,0,0,1,0,1,0,0
3163.7946650202953,19,23,0,0,1,0,0,1,0,0
786.6011964379849,6,31,0,1,0,0,0,0,0,1
2372.236494479933,14,21,0,0,0,0,0,0,0,1
3583.403574230704,14,39,0,0,0,0,1,1,0,0
1358.3587780902453,13,68,0,0,1,0,0,0,1,0
1015.259631720052,12,72,0,0,1,0,0,0,1,0
1572.5649070809557,10,56,0,0,0,0,1,0,0,1
1211.295636824203,12,53,0,0,0,1,0,0,0,0
1078.4886219967973,21,51,0,0,0,0,0,1,0,0
2127.1299601260944,23,44,0,0,0,1,0,1,0,0
4539.653376848253,8,24,0,0,0,0,1,0,0,0
2537.762935459898,9,20,0,0,0,0,1,0,0,1
943.6623021725385,3,64,0,0,0,0,0,0,1,0
389.473488557466,16,50,0,0,0,0,1,0,0,1
3482.2999449639365,13,19,0,0,0,0,1,0,1,0
1917.0798283597571,23,59,0,0,0,0,0,0,1,0
4110.04557819387,17,33,1,0,1,0,0,0,0,1
3299.256289360647,10,42,0,0,0,1,0,1,0,0
3982.2260454541356,15,77,0,0,1,0,0,1,0,0
1363.3704668951516,0,32,0,0,1,0,0,1,0,0
3463.3328176929854,6,41,0,0,0,1,0,0,1,0
1323.9896135451254,9,32,0,0,1,0,0,1,0,0
4695.6470548542065,8,48,0,0,0,0,0,0,1,0
3183.689536259205,2,31,0,0,0,1,0,1,0,0
1625.9364418758337,21,71,0,1,0,0,0,0,0,1
1351.211752149902,22,31,0,0,1,0,0,0,0,0
958.6782924328593,13,23,0,0,0,0,1,0,1,0
3474.73158967417,14,31,0,0,0,1,0,0,0,1
1097.484486924647,1,34,0,1,0,0,0,0,1,0
2978.539813307808,23,35,0,0,0,0,1,0,1,0
1326.85195949216,13,37,0,1,0,0,0,0,0,1
3311.5348792453738,15,68,0,0,1,0,0,1,0,0
4075.6239440599934,6,79,0,0,0,0,1,0,1,0
3891.2360895075426,3,34,0,0,1,0,0,0,0,0
3805.4523979992546,17,33,0,0,0,0,1,0,0,0
942.6734164327991,23,57,0,0,0,1,0,0,0,1
446.48281018767096,4,56,0,0,0,0,0,0,0,0
3496.249398294491,5,69,0,0,0,0,0,0,0,1
1844.8943329027848,6,49,0,1,0,0,0,0,0,1
2164.56940088472,14,77,0,0,0,0,1,0,1,0
160.58971850298838,0,61,0,0,1,0,0,0,0,1
1301.5843641288707,23,26,0,0,0,1,0,0,0,1
173.21363735294779,3,44,0,0,0,1,0,1,0,0
4396.532934143232,0,63,0,0,0,1,0,0,1,0
1220.7664326765598,10,69,0,0,0,0,0,0,0,0
2788.899162017175,17,50,0,0,1,0,0,1,0,0
199.7017067023464,13,27,0,0,0,1,0,1,0,0
3335.902719571762,21,34,0,0,0,1,0,0,1,0
1618.5215920416988,10,66,0,1,0,0,0,0,1,0
4490.10633885354,9,66,0,0,0,0,1,1,0,0
4441.150353725509,16,53,0,0,0,0,1,0,1,0
1629.8266387169301,3,34,0,0,0,0,1,0,1,0
4505.299673973887,23,35,0,1,0,0,0,0,0,1
4980.8075791264,14,69,0,0,0,0,0,0,1,0
4127.95124229912,15,40,0,1,0,0,0,0,0,1
4225.132382037369,20,51,0,0,0,1,0,1,0,0
1248.7986368649042,12,25,0,0,1,0,0,1,0,0
2885.6284822944926,8,30,0,0,0,1,0,0,0,0
340.94329026700245,10,40,0,0,0,1,0,0,1,0
479.1150944242402,10,74,0,0,1,0,0,1,0,0
4994.468597106286,5,79,0,0,0,0,1,0,0,1
1636.5630508824252,0,71,0,1,0,0,0,1,0,0
3742.178640683988,21,37,0,0,0,0,0,0,1,0
4034.2919398689482,5,39,0,0,0,1,0,0,0,0
4290.82623868111,12,64,0,0,0,1,0,0,0,0
4988.153345523772,21,69,0,0,0,0,0,1,0,0
1211.274943858055,23,40,0,1,0,0,0,0,0,0
206.55238016420003,21,58,0,0,0,1,0,0,1,0
2058.901632382957,4,52,0,0,0,0,0,0,1,0
654.75294579559,14,20,0,0,0,1,0,0,0,0
117.01731636446534,17,51,0,0,0,0,1,0,0,1
1805.3320015717231,19,50,0,0,0,0,1,0,0,0
3919.772564120806,13,63,0,0,0,1,0,0,0,0
2833.072552669229,14,34,0,0,0,1,0,1,0,0
1567.3260561057184,4,62,0,0,0,0,1,0,0,1
3273.438317436135,3,36,0,0,0,1,0,0,0,0
1163.9308106425096,1,47,0,1,0,0,0,1,0,0
76.8353231300647,6,40,0,1,0,0,0,1,0,0
3822.9451652499547,9,32,0,0,1,0,0,1,0,0
3120.5967088957254,15,76,0,1,0,0,0,0,1,0
3812.701609382295,9,74,0,0,0,1,0,1,0,0
199.49539335488973,17,31,0,0,0,1,0,1,0,0
4186.412541014108,16,19,0,0,0,0,0,0,1,0
3099.5333691813353,20,56,0,1,0,0,0,0,1,0
2819.1597768096376,12,66,0,0,0,0,1,1,0,0
3124.947170332085,0,35,0,0,0,0,1,0,0,0
4322.844068107479,0,23,0,0,1,0,0,0,0,1
2936.747850261741,14,76,0,0,0,0,0,0,1,0
2906.847147541456,0,49,0,0,0,0,1,0,0,1
4953.4423895435,5,38,0,0,1,0,0,0,1,0
3784.8671845074973,12,57,0,1,0,0,0,1,0,0
2214.2575582284207,0,45,0,0,0,0,0,0,1,0
3538.448015164474,4,44,0,0,0,0,0,1,0,0
1949.2062061004835,8,19,0,0,0,1,0,0,0,1
1148.2329351050776,16,50,0,1,0,0,0,0,0,0
2986.2751250543583,15,33,0,0,0,0,0,1,0,0
4641.269580079188,7,56,0,0,1,0,0,0,0,1
4646.051902477237,16,39,0,0,0,0,1,0,0,1
1712.816864136924,14,73,0,1,0,0,0,0,1,0
2640.7489437773665,23,60,0,1,0,0,0,1,0,0
1062.1213133564568,0,64,1,0,0,0,0,0,0,1
4978.177391946922,11,30,0,0,0,0,0,0,0,0
4905.683949800339,4,79,0,0,0,0,0,0,1,0
3249.2971038886994,23,73,1,0,1,0,0,0,1,0
4023.0482280889796,5,19,0,0,0,1,0,0,0,1
3576.9253056120815,0,31,0,0,0,0,0,1,0,0
2967.8253041021435,0,73,0,0,0,1,0,0,1,0
271.473244959544,9,55,0,0,0,1,0,1,0,0
2276.547891050542,9,58,0,1,0,0,0,0,0,1
3375.5575793262155,2,45,1,0,0,0,1,0,0,1
3389.270411349005,16,24,0,0,0,0,1,1,0,0
1868.747479019806,18,35,0,0,1,0,0,0,0,0
4708.751473356862,10,73,0,0,1,0,0,0,1,0
840.948376022721,17,58,0,0,0,0,1,0,0,1
2504.2954338467252,1,72,0,0,0,0,1,0,0,0
3455.9654628713597,8,53,0,1,0,0,0,0,0,0
3487.193350429587,23,58,0,1,0,0,0,1,0,0
3244.951589060234,16,53,0,0,0,0,1,1,0,0
1380.0646261920415,13,61,0,0,0,0,0,1,0,0
785.2518105896768,3,21,0,0,0,0,0,0,0,0
3181.521932499421,16,74,0,1,0,0,0,0,1,0
2998.5140701164914,16,47,0,0,0,1,0,1,0,0
900.8832713947587,11,41,0,0,0,0,1,0,1,0
3527.170032124964,19,37,0,0,1,0,0,1,0,0
2278.584098709614,17,63,0,0,0,0,0,0,0,0
3340.464155057749,2,73,0,0,0,1,0,0,1,0
4187.648563451902,10,48,0,0,0,0,0,0,1,0
852.7935007417312,17,41,0,0,0,1,0,0,0,0
100.62861564419921,3,24,0,0,0,0,1,0,1,0
3896.617419046955,16,43,0,0,0,0,1,0,0,0
3050.4386386373167,17,30,0,0,0,0,1,0,0,0
3499.699650262498,4,71,0,1,0,0,0,0,0,1
4191.584100068269,13,25,0,0,0,1,0,1,0,0
4015.04061944838,9,72,0,0,1,0,0,0,0,1
4804.796133909479,14,22,0,0,1,0,0,0,0,0
2681.9957188663307,0,61,0,0,0,0,1,0,0,0
2445.035685136227,15,30,0,0,1,0,0,0,1,0
2012.4265634541966,10,46,0,0,0,0,0,0,0,0
772.6867590068017,22,37,0,0,0,1,0,0,0,0
2865.173128245702,19,31,0,0,0,1,0,0,0,0
1388.677559008264,5,49,0,0,0,1,0,1,0,0
4606.931023503813,23,77,0,0,0,0,0,0,0,1
2918.0380673641025,21,67,0,1,0,0,0,0,0,1
2966.2367016380103,15,44,0,0,0,0,0,1,0,0
1777.848681080665,1,73,0,0,0,1,0,1,0,0
264.6868131286489,0,42,0,0,0,1,0,1,0,0
163.56010803807814,23,69,0,0,0,1,0,0,0,1
2119.5590450452214,23,21,0,0,1,0,0,0,0,1
427.40406359570306,8,38,0,1,0,0,0,0,0,0
3036.200542922995,21,35,0,0,0,0,0,0,0,1
4405.460163170089,11,56,0,0,0,1,0,0,1,0
4415.1595085110175,16,32,0,0,0,0,1,0,0,1
3296.931823610501,14,70,0,1,0,0,0,1,0,0
1060.1029982072903,18,55,0,0,0,0,1,0,0,1
4315.669172637566,21,65,0,1,0,0,0,0,0,0
4431.036709389475,9,69,0,0,0,1,0,0,0,1
987.2846568400287,11,41,0,1,0,0,0,1,0,0
3688.4432984245327,13,25,0,1,0,0,0,0,1,0
1436.165146890979,8,45,0,0,0,1,0,1,0,0
4014.188360202884,12,38,0,0,0,0,1,0,1,0
4986.203310018495,2,33,0,0,0,0,1,0,0,0
154.9798966203171,20,77,0,0,1,0,0,0,0,0
4487.3424996257045,13,71,0,0,0,0,1,0,0,1
3115.039515325297,20,33,0,0,0,0,1,0,0,0
4867.046182728282,9,52,0,1,0,0,0,0,0,0
2327.722540044506,15,34,0,0,1,0,0,1,0,0
4237.702713204012,6,26,0,0,0,1,0,1,0,0
316.6583726483948,3,74,0,0,0,1,0,0,0,1
1679.7188551410873,19,52,0,0,0,0,0,0,0,1
339.7476060672938,22,69,0,0,1,0,0,0,0,1
4876.8389517279575,10,46,0,1,0,0,0,0,0,1
4085.7846668228244,15,56,0,0,0,0,0,1,0,0
4263.474369123623,19,35,0,0,0,0,0,0,0,1
4690.1363310123015,3,29,0,0,0,1,0,0,0,1
430.09191316832784,21,36,0,0,0,0,1,0,0,0
1931.0599746041003,21,65,0,1,0,0,0,0,0,1
359.8192707747906,22,39,0,0,1,0,0,0,1,0
1057.911542242393,16,76,0,0,0,0,0,0,0,0
1150.6820563031733,12,73,0,1,0,0,0,1,0,0
2348.1905191826554,10,66,0,0,0,1,0,0,1,0
1346.4680264309447,2,69,0,0,0,0,0,0,0,1
509.38564355471664,8,32,0,0,0,0,0,0,0,0
841.617990025068,5,18,0,0,0,1,0,0,0,1
740.6414399426942,21,19,0,0,0,1,0,0,0,0
4865.51860557193,20,25,0,0,0,1,0,0,0,1
3797.6660720577756,10,39,0,1,0,0,0,0,1,0
4838.968519021462,15,42,0,1,0,0,0,1,0,0
2201.5037301070033,18,19,0,1,0,0,0,0,1,0
1395.4505659049696,4,68,0,0,0,0,1,0,1,0
3992.4745200598873,13,26,0,0,0,0,0,1,0,0
1634.6383206155283,16,26,0,1,0,0,0,0,0,0
1500.4199516582146,2,30,0,0,0,0,1,0,0,0
1166.3674310781169,3,23,0,0,0,0,0,1,0,0
652.7464962300556,15,47,1,1,0,0,0,0,0,1
1286.032989778746,15,32,0,0,0,1,0,0,0,0
1779.822143627069,20,68,0,0,1,0,0,0,1,0
3371.6010696879234,3,70,0,1,0,0,0,1,0,0
317.5113868861606,18,32,0,0,1,0,0,0,1,0
1056.482163628388,16,67,0,1,0,0,0,0,0,0
4046.0730832569234,12,24,1,0,0,1,0,1,0,0
738.875008300935,21,75,0,0,1,0,0,1,0,0
1716.512506879995,22,28,0,0,0,0,1,0,0,0
4323.97131468141,23,57,0,0,0,1,0,0,0,0
778.8519291614961,0,55,0,0,1,0,0,1,0,0
418.2704939128585,11,57,0,0,1,0,0,0,0,1
2425.267285424654,3,19,0,0,0,1,0,1,0,0
1515.5854588362893,10,68,0,0,0,1,0,0,0,1
2819.2247805968514,4,65,0,0,0,1,0,0,1,0
4020.0054279649585,1,56,0,0,0,0,0,0,0,1
690.0566983229521,16,27,0,0,0,0,1,0,0,1
2905.5919273486534,7,61,0,1,0,0,0,0,0,0
2530.01625814737,5,34,0,0,1,0,0,1,0,0
724.6735361359318,20,24,0,1,0,0,0,0,1,0
3121.872435217267,8,71,0,0,0,1,0,1,0,0
1371.8338872145544,12,57,0,0,0,0,1,0,0,1
2441.7324211273426,10,56,0,0,0,0,1,0,0,1
415.9502597639241,15,21,0,0,0,0,0,0,0,1
2300.6223657820474,15,52,0,0,0,1,0,1,0,0
1535.7850228738876,1,68,0,0,1,0,0,0,0,1
4112.794149870845,9,64,0,0,0,0,0,1,0,0
289.6087413518546,11,53,0,0,0,1,0,0,1,0
2095.943338217058,7,48,0,0,0,0,0,0,1,0
2294.8649635365327,10,42,0,1,0,0,0,1,0,0
3626.4053511140983,9,58,0,0,0,1,0,0,1,0
2873.566437575604,12,30,0,0,1,0,0,0,0,0
3337.7256242849344,16,35,0,0,1,0,0,0,0,1
3886.3611818305217,6,38,0,0,0,1,0,0,0,1
4311.703853422653,23,65,0,0,0,0,0,0,0,1
1572.80810612874,2,18,0,0,0,0,1,0,0,0
2692.4234132926954,19,53,0,0,0,1,0,0,0,1
4201.339851803803,12,67,0,0,1,0,0,1,0,0
4947.308399170457,18,25,0,1,0,0,0,0,0,1
4448.148958663597,6,69,0,0,1,0,0,1,0,0
1860.4789768087621,8,65,0,0,0,0,1,0,1,0
979.8567535071588,18,38,0,0,1,0,0,1,0,0
2449.5157243459107,12,60,0,0,0,0,1,1,0,0
3709.499051921031,21,69,0,0,0,1,0,1,0,0
2465.3825084127216,7,70,0,0,1,0,0,0,0,1
2418.488412251774,21,70,0,0,0,0,0,0,0,0
4191.960953303594,17,38,0,0,0,0,0,0,0,0
1810.211876440596,22,44,0,0,1,0,0,1,0,0
4299.67440068417,1,36,0,0,1,0,0,0,0,1
2036.989980753859,17,40,0,1,0,0,0,0,0,0
1644.5243628633054,17,68,0,0,1,0,0,0,1,0
2272.6796064424966,10,67,0,1,0,0,0,0,1,0
3813.4225585809677,0,68,0,1,0,0,0,0,0,1
634.3801291806515,13,60,0,1,0,0,0,0,1,0
986.1139832807269,15,52,0,1,0,0,0,0,1,0
4757.466904187145,10,57,0,0,0,1,0,0,1,0
881.5806787698801,0,69,0,0,0,0,0,0,0,0
2840.7979530656175,6,68,0,1,0,0,0,0,1,0
2898.6757609763795,15,59,0,0,0,0,0,1,0,0
2450.674187940973,13,65,0,1,0,0,0,1,0,0
3225.502516641209,14,22,0,0,0,0,0,0,1,0
1152.9844953591041,13,69,0,0,1,0,0,1,0,0
2765.548027544857,20,58,0,0,1,0,0,0,0,0
1864.0054099582512,10,25,0,0,0,0,0,0,0,1
3310.0279618477994,15,28,0,1,0,0,0,1,0,0
710.4115991488816,18,33,0,0,0,1,0,0,1,0
2856.532697113184,16,56,0,0,0,0,0,0,0,1
930.4254251397019,5,64,0,0,0,0,1,0,0,1
1396.8221002596067,10,41,0,0,0,1,0,0,1,0
1097.4554526162983,16,78,0,0,0,0,1,1,0,0
918.2747104447415,8,38,0,0,0,0,0,0,0,0
4129.426203045532,17,69,0,1,0,0,0,1,0,0
1432.1093004661473,16,40,0,0,0,0,1,1,0,0
4635.983290412924,11,66,0,0,0,0,0,0,0,0
4849.782994099229,22,55,0,0,0,1,0,0,0,1
2858.4460473358013,21,64,0,1,0,0,0,0,0,0
719.2906077153034,21,25,0,0,0,0,1,0,0,0
1875.8684756810085,4,24,0,0,0,0,0,0,1,0
3989.672655424329,10,19,0,1,0,0,0,0,1,0
1840.116689841867,3,47,0,1,0,0,0,1,0,0
439.65100542242976,3,30,0,0,1,0,0,0,1,0
2786.1406300862986,2,79,0,1,0,0,0,0,0,0
4226.378653222694,23,40,1,0,0,0,0,0,0,0
3980.652303781794,22,46,0,0,0,1,0,0,1,0
879.7400849511145,16,55,0,0,1,0,0,0,1,0
3365.459248990271,6,78,0,0,0,0,0,0,1,0
1106.4187958610573,3,54,0,0,0,0,0,0,0,0
1094.9466350881003,22,37,0,0,0,0,0,0,0,1
4370.9885076594,12,50,0,0,0,0,1,0,0,1
1252.0964189374497,11,46,0,0,0,0,1,0,1,0
1319.9204958574658,0,67,0,0,0,1,0,1,0,0
8.263686852691276,20,32,0,0,0,0,0,1,0,0
4353.991825456961,18,40,0,0,0,0,1,0,0,1
3964.011091979628,20,59,0,0,0,0,1,0,1,0
3138.5080307779367,19,20,0,0,0,0,1,0,0,0
3752.577490874517,17,54,0,0,0,1,0,1,0,0
764.4825942853365,10,73,0,0,0,1,0,1,0,0
2294.326354964939,19,46,0,0,0,0,0,0,0,0
1759.3408398071606,2,62,0,0,1,0,0,0,0,0
473.41374865379737,16,25,0,0,0,0,0,0,1,0
2433.221773648546,11,39,0,0,0,0,1,0,0,0
4604.094553461464,9,70,0,0,0,0,1,0,0,0
205.09529965821892,7,46,0,1,0,0,0,0,0,0
1460.8472629015005,14,19,0,0,0,0,0,0,0,1
1041.6669763474888,4,58,0,0,0,0,1,0,0,0
1194.542535060153,3,66,0,0,0,0,1,1,0,0
4542.63058663748,20,76,0,0,1,0,0,0,1,0
2343.004925900279,19,67,0,1,0,0,0,0,1,0
2334.165567634395,18,62,0,0,0,0,0,0,1,0
3804.075334064135,20,18,0,0,0,1,0,0,0,1
776.6885590046044,3,61,0,0,0,0,0,1,0,0
2438.8904437297538,14,37,0,0,0,0,0,0,0,0
2152.7761445346932,16,69,0,0,1,0,0,1,0,0
2986.568899280547,11,38,0,0,0,0,0,0,1,0
4997.790727735941,2,54,0,0,1,0,0,0,0,0
3848.397225939825,9,25,0,0,1,0,0,0,1,0
1992.339186572049,14,44,0,0,0,0,1,0,1,0
4138.627496108865,9,64,0,0,0,1,0,0,1,0
857.6882747458385,23,76,0,0,1,0,0,1,0,0
157.16611311325582,22,52,0,1,0,0,0,1,0,0
1026.2196204590439,17,23,0,1,0,0,0,0,1,0
1705.355722790727,0,77,0,0,0,1,0,0,1,0
2555.3508835105017,2,62,0,0,1,0,0,0,0,0
3077.570057003293,20,61,0,0,0,1,0,0,1,0
4553.475557486036,11,36,0,0,0,0,1,0,1,0
2551.720777704536,0,78,0,1,0,0,0,0,1,0
2508.871844905518,2,35,0,0,0,0,0,0,1,0
255.96383406579574,2,73,0,1,0,0,0,1,0,0
179.38320551783792,4,18,0,0,1,0,0,0,1,0
2758.0440097722785,18,42,0,0,0,1,0,0,0,1
2193.7021731754808,0,44,0,1,0,0,0,0,1,0
4196.706072926591,3,24,0,0,0,0,0,1,0,0
807.5945256356666,3,61,0,0,0,0,0,0,0,1
129.73345227466274,16,59,0,0,0,1,0,0,0,1
2247.9486458109786,13,46,0,0,0,1,0,0,1,0
1191.2053909775261,17,48,0,1,0,0,0,0,1,0
252.82379482749306,0,61,0,0,1,0,0,1,0,0
3624.3684428039064,21,60,0,0,0,0,1,0,0,1
562.4070347864512,15,53,0,0,0,0,0,0,0,1
3043.5559025388197,2,36,0,0,0,1,0,1,0,0
1408.8435020836114,22,23,0,0,0,0,1,0,1,0
871.612771523335,20,42,0,0,0,0,1,0,0,0
1901.8588569819908,8,48,0,0,0,0,1,0,0,0
4008.2216522336535,22,26,0,0,1,0,0,0,0,1
1963.5074166383406,3,37,0,0,0,1,0,0,0,1
3755.094397809223,20,27,0,0,0,0,0,0,1,0
631.8040525117577,4,54,0,0,0,1,0,0,0,0
3864.99324122707,10,44,0,1,0,0,0,0,0,1
1188.48195790871,20,30,0,0,0,0,0,0,1,0
3388.5786837949195,8,58,0,0,0,1,0,0,0,0
2831.0788664307765,2,19,0,0,0,0,0,1,0,0
4646.077862472378,5,67,0,1,0,0,0,0,0,1
1939.6759772866935,23,38,0,0,0,0,0,1,0,0
335.49511822803004,10,50,0,0,0,0,1,0,0,0
100.68165032850825,8,41,0,0,1,0,0,0,1,0
4135.158512058902,14,70,0,1,0,0,0,0,1,0
2626.0545101188536,22,61,1,0,0,0,0,0,0,0
3877.3440389155717,2,59,0,1,0,0,0,1,0,0
1175.9558720575158,0,51,0,0,0,0,1,0,1,0
1728.6933088386024,19,77,0,0,1,0,0,0,0,1
155.3688416955381,21,26,0,1,0,0,0,1,0,0
4807.65416124769,18,19,0,0,0,0,1,1,0,0
3341.000193970563,13,72,0,0,0,0,1,0,0,1
4666.359413357734,16,73,0,0,0,0,1,0,0,0
1331.1545551082163,21,47,0,0,0,0,0,0,1,0
3059.260738072176,13,39,0,0,0,1,0,1,0,0
3394.107341621726,16,63,0,1,0,0,0,0,1,0
1591.1607527866543,13,28,0,0,0,1,0,0,1,0
4241.305628903072,11,72,0,0,0,0,1,1,0,0
4736.071507186738,15,60,0,0,0,1,0,0,0,0
4424.851312891542,0,34,0,0,0,0,1,1,0,0
3696.6395448171656,12,53,0,0,0,0,1,0,0,0
1390.9360752261455,5,30,0,0,1,0,0,0,0,1
1411.6721303176305,16,24,0,0,1,0,0,0,0,0
4816.984800627959,11,33,0,0,0,1,0,0,0,0
56.371057198781685,22,50,0,1,0,0,0,1,0,0
3581.6696163445117,18,62,0,0,0,1,0,0,1,0
3532.6995819635345,5,18,0,1,0,0,0,0,1,0
3115.3342570442383,6,28,0,0,0,1,0,0,0,0
4950.593686203894,0,23,0,0,0,0,0,0,0,0
1562.8377816398076,0,37,0,0,0,0,0,1,0,0
1703.1594596472746,4,52,0,1,0,0,0,0,0,0
399.30231771804495,5,61,0,0,1,0,0,1,0,0
2216.7766920359686,15,54,0,1,0,0,0,0,0,1
1308.9373885430662,15,58,0,0,0,1,0,0,0,0
1720.216577377333,13,43,0,0,0,0,1,0,0,1
4173.6860923268605,0,75,0,0,0,0,0,0,0,0
4677.745145069841,12,29,0,0,0,0,1,0,0,0
932.7366946659022,19,79,0,0,0,0,0,0,0,1
1865.6821131095621,9,47,0,0,0,1,0,0,0,1
4643.5096577663935,23,45,0,0,0,0,0,1,0,0
313.73326114266706,9,44,0,1,0,0,0,1,0,0
466.34083791633566,8,59,0,0,0,0,1,0,0,1
818.1409910851157,12,36,0,0,0,0,1,0,0,0
2978.088106463739,2,22,0,0,0,1,0,1,0,0
756.6089936749573,17,75,0,0,0,0,1,0,0,0
4840.541525346413,19,22,0,0,0,1,0,0,1,0
2236.339063656309,1,58,0,0,1,0,0,1,0,0
2510.0822119490813,16,44,0,1,0,0,0,1,0,0
1237.0597859480054,18,45,0,0,0,0,0,1,0,0
2357.446460911494,22,43,0,0,0,0,0,0,1,0
3311.2585950218727,12,44,0,0,0,0,0,0,0,1
3757.1297990854437,12,69,0,0,1,0,0,0,0,0
3770.5710731360155,0,66,0,1,0,0,0,0,1,0
2891.5661079069714,1,59,0,0,0,0,1,0,0,1
4522.277076094317,0,38,0,0,0,0,1,1,0,0
4087.9521972940165,23,18,0,1,0,0,0,0,0,1
3786.455332919634,4,71,0,1,0,0,0,0,0,1
282.7495807939008,23,45,0,0,0,0,0,0,0,1
39.355421287148324,2,65,0,0,0,0,1,0,0,0
1066.1741495913875,6,75,0,1,0,0,0,0,0,1
3319.3003515976943,23,75,0,0,0,0,1,0,0,1
2058.9314569683165,21,32,0,1,0,0,0,0,0,1
2015.0192652000621,12,72,0,0,0,1,0,0,0,1
4423.511506706921,22,34,0,0,0,0,0,0,1,0
4478.336426418535,17,43,0,1,0,0,0,0,1,0
4546.330443947661,23,37,0,0,1,0,0,0,0,1
1572.8209921925613,20,42,0,1,0,0,0,0,0,1
3456.8237846326124,6,30,0,0,0,1,0,0,0,1
1361.8077404654764,0,50,0,0,1,0,0,1,0,0
957.0961162068767,4,42,0,0,1,0,0,0,0,1
927.2391244501092,16,25,0,1,0,0,0,0,0,1
1713.8275662136523,7,22,0,0,0,1,0,0,1,0
2152.6383108002096,14,23,0,0,1,0,0,0,1,0
4155.5911094200665,19,40,1,0,0,0,0,0,1,0
603.856011896197,3,69,0,0,0,0,0,0,0,0
3675.9546077374966,1,47,0,0,0,0,1,1,0,0
2659.6172963755803,4,31,0,0,0,0,1,0,0,1
1443.2869866665824,0,71,0,0,0,1,0,0,1,0
2466.6338247414587,4,40,0,0,1,0,0,0,0,0
1503.210638536228,5,28,0,0,0,0,0,0,0,1
2982.4293664153383,1,48,0,0,0,0,0,0,0,1
2172.0503946619447,0,23,0,0,0,1,0,0,1,0
826.2056177489993,3,28,0,0,1,0,0,0,0,1
587.3324574057051,6,30,0,0,0,1,0,0,0,1
2735.7449319502903,21,29,0,1,0,0,0,0,0,1
4512.553101264087,0,71,0,0,0,0,0,0,1,0
1723.0686443556392,0,19,0,0,0,1,0,0,0,0
3666.335535577003,7,70,0,0,0,1,0,0,0,1
3295.013467924136,19,52,0,1,0,0,0,0,0,0
4658.116796975858,15,72,0,0,0,0,1,0,0,1
4105.800181409209,20,53,0,0,0,0,0,0,1,0
2835.1932682327874,12,34,0,0,0,1,0,0,0,0
3286.867338679366,22,45,0,0,0,0,0,0,1,0
4492.440400587254,23,45,0,0,0,0,1,1,0,0
2000.5963290117393,22,39,0,0,0,1,0,0,0,1
1637.339555759598,17,55,0,1,0,0,0,1,0,0
59.001362757805715,19,24,0,0,0,0,0,1,0,0
4133.622615586364,9,32,0,1,0,0,0,1,0,0
4005.8985985148074,11,49,0,0,0,0,1,0,0,1
526.7503179102562,0,28,0,0,0,0,1,0,1,0
2886.402618757838,9,41,0,0,0,0,0,1,0,0
2322.5885823436024,8,20,0,0,0,0,1,0,0,0
597.9519320680117,2,47,0,0,1,0,0,0,0,1
4902.938294168314,18,23,0,0,0,0,0,0,1,0
1077.4059578794604,8,75,0,0,1,0,0,0,1,0
340.83472955235294,9,19,0,0,0,0,1,1,0,0
2976.2626606120384,18,78,0,0,0,0,0,0,0,1
3695.639052279498,15,31,0,0,1,0,0,1,0,0
167.0550130056989,23,58,0,0,0,0,1,0,0,0
3295.2946054414756,17,35,0,0,0,1,0,0,1,0
2663.797920377515,13,68,0,0,0,1,0,0,1,0
520.8087193308668,2,61,0,1,0,0,0,0,0,1
866.7567653470785,1,48,0,0,0,1,0,0,1,0
2842.031615093822,0,30,0,0,1,0,0,0,0,1
1485.3062794988755,17,43,0,0,0,1,0,1,0,0
4691.887064613324,23,61,0,0,0,0,0,0,0,0
4094.607446272834,8,29,0,0,0,0,0,0,0,1
4917.918196535747,12,35,0,0,0,0,0,1,0,0
1302.0558405573179,1,26,0,0,0,1,0,0,0,0
4848.769545825895,6,66,0,0,0,1,0,0,1,0
2159.0131796088317,15,38,0,1,0,0,0,0,0,0
1740.8563825922045,20,65,0,0,0,0,1,0,0,0
256.49588721191947,18,66,0,1,0,0,0,0,0,0
268.5624630087151,14,70,0,0,1,0,0,0,1,0
3461.59622345354,21,73,0,0,0,0,0,0,0,1
2292.3553271979695,10,57,0,0,0,1,0,0,0,1
1136.475522050348,0,60,0,0,0,0,1,0,0,0
3071.781680094537,20,41,0,0,0,0,1,1,0,0
1268.0263006593052,6,51,0,0,0,1,0,1,0,0
2890.270612950391,19,25,0,1,0,0,0,0,0,0
1799.2476911785382,7,61,0,0,0,0,1,0,0,0
4118.643371926036,9,70,0,1,0,0,0,1,0,0
4104.377323030063,4,50,0,0,0,1,0,0,0,0
2389.3652386213944,8,40,0,1,0,0,0,0,0,0
1757.341451128403,0,30,0,0,0,0,0,0,0,1
1815.9861838126772,1,71,0,0,0,1,0,0,0,1
4029.5440557127486,18,70,0,0,0,1,0,0,0,0
1644.2565165740718,13,66,0,0,0,0,1,0,0,0
1049.2515716656958,19,31,0,0,0,0,1,0,1,0
428.0182676671576,9,31,0,0,0,0,1,0,0,1
2336.1321388176198,8,33,0,0,0,0,0,0,0,0
2413.2498341046103,9,66,0,0,0,0,0,0,1,0
4205.339008462522,5,55,0,0,1,0,0,0,1,0
1110.0872887480896,16,75,0,0,0,1,0,0,1,0
1908.0514119736577,5,77,0,0,0,0,1,0,1,0
4042.9866657739863,3,56,0,0,0,1,0,0,0,1
4118.999935691123,19,43,0,1,0,0,0,0,1,0
1926.1323245139472,2,43,0,0,0,0,0,0,0,1
2298.324496316971,22,18,0,0,1,0,0,0,1,0
1519.9130247921682,18,49,0,1,0,0,0,0,1,0
4663.111617704464,17,74,0,0,0,1,0,1,0,0
597.6256098791937,23,32,0,0,0,0,0,0,0,1
4669.078367892343,3,69,0,0,0,0,1,1,0,0
3420.9129269175396,7,38,0,1,0,0,0,1,0,0
2660.202902670222,16,35,0,0,0,0,0,0,1,0
168.13200861855688,4,47,0,0,0,1,0,0,0,1
2380.6029781509314,12,77,0,0,0,1,0,0,0,0
2041.7017844886477,0,75,0,1,0,0,0,0,1,0
810.2879658157372,12,30,0,1,0,0,0,0,0,1
3283.765969485781,3,41,0,1,0,0,0,1,0,0
4855.898782304587,21,47,0,0,1,0,0,0,0,1
2813.133111267303,23,19,0,0,0,0,1,0,1,0
3575.1926158375095,13,36,0,0,0,0,0,0,0,1
346.91001056725383,2,64,0,0,0,1,0,1,0,0
2091.2466441058887,4,61,0,0,0,1,0,0,0,1
586.2106333966569,6,64,0,0,0,0,1,0,0,1
3065.9151985048693,0,42,0,1,0,0,0,1,0,0
4692.718380279703,22,67,0,1,0,0,0,0,1,0
3310.5797736958343,11,31,0,0,0,1,0,0,0,0
388.6312263305355,10,23,0,0,0,0,1,1,0,0
1776.5576939004889,23,29,0,0,0,1,0,1,0,0
2755.5635803070536,7,37,0,1,0,0,0,0,1,0
2019.0227418855948,5,40,0,0,0,0,0,0,1,0
4169.0518323234855,21,47,0,1,0,0,0,0,0,1
4074.281668526396,1,47,0,0,0,0,0,1,0,0
3061.095945415591,18,55,0,0,1,0,0,0,0,1
1870.4224359378627,19,75,0,0,0,0,1,0,0,1
1280.4051869474044,19,47,0,0,1,0,0,0,1,0
533.8422194745809,23,58,0,1,0,0,0,0,1,0
1777.7139290153375,13,47,0,0,0,0,1,0,0,1
2068.796723452559,0,74,0,1,0,0,0,1,0,0
3380.7355108948477,9,75,0,0,0,0,1,1,0,0
3292.5083223663796,15,53,0,0,0,0,1,0,0,1
355.19015750807847,3,66,0,1,0,0,0,0,0,0
1979.3202805786332,10,51,1,1,0,0,0,0,0,0
912.9854417507228,15,33,0,0,0,0,1,0,1,0
788.2794630574444,19,41,0,0,0,0,1,1,0,0
4137.3742379375435,0,31,0,1,0,0,0,0,0,1
214.36650749770638,15,43,0,1,0,0,0,0,0,1
2098.818465131096,18,25,0,0,0,1,0,1,0,0
845.1772605537584,20,31,0,0,0,1,0,0,1,0
4397.254427313977,21,48,0,0,0,1,0,0,1,0
2787.4173638088005,8,19,0,0,1,0,0,0,0,0
1160.746278702356,8,65,0,0,0,0,1,1,0,0
2514.62429939605,8,21,0,0,0,0,0,1,0,0
3658.7743667170635,16,18,0,0,1,0,0,0,0,1
4790.799454552572,11,72,0,0,0,0,1,1,0,0
1106.1277912058677,12,37,0,0,0,0,0,0,0,0
4431.477951786079,7,76,0,0,0,1,0,1,0,0
4671.849050266614,15,31,0,0,0,0,0,0,0,1
4582.520619937671,17,57,0,1,0,0,0,0,0,0
3178.89471252524,0,42,0,1,0,0,0,0,0,1
3150.954168901365,0,77,0,0,0,0,1,1,0,0
2019.0371127531948,11,42,0,0,1,0,0,0,1,0
3763.2274221074204,5,20,0,0,0,1,0,1,0,0
2658.813621662905,8,22,0,0,0,0,1,1,0,0
3388.8031657853307,22,55,0,0,0,1,0,0,0,1
2145.1472297247333,4,71,0,1,0,0,0,0,1,0
3658.8248378954795,15,43,0,0,1,0,0,1,0,0
4123.235230434722,17,57,0,0,1,0,0,0,0,0
736.4491017310665,16,55,0,1,0,0,0,0,0,0
4165.483929293269,17,55,0,0,0,0,0,0,0,1
2703.7811762925844,0,21,0,0,1,0,0,0,0,1
4224.10621590567,18,24,0,0,0,0,0,0,1,0
2159.352023173368,21,47,0,0,0,1,0,0,0,1
1898.30722448826,7,47,0,0,1,0,0,0,1,0
4575.728358923526,2,73,0,1,0,0,0,1,0,0
1259.5904914042644,4,36,0,0,0,0,0,0,0,0
4221.840564804284,22,56,1,0,0,1,0,0,0,0
2422.6827596844737,7,52,0,0,0,1,0,0,0,0
2572.9067355435423,18,57,0,0,1,0,0,0,0,1
1545.7990660399728,17,50,0,0,1,0,0,0,0,1
2867.345792091983,17,50,0,0,0,0,1,1,0,0
1629.4299253996755,20,31,0,0,0,0,1,0,0,1
201.1507241370533,0,55,0,0,1,0,0,0,1,0
1363.6330336950584,14,27,0,0,0,0,1,0,0,0
36.86332181592044,17,74,0,1,0,0,0,1,0,0
4891.882161348999,6,45,0,1,0,0,0,0,1,0
4828.907313049639,15,31,0,0,0,0,1,0,1,0
1978.8007108741638,15,53,0,0,1,0,0,0,0,1
3643.212417426532,14,55,0,1,0,0,0,0,0,1
1732.3014615600728,5,33,0,0,0,1,0,0,0,0
3357.1103196444506,8,77,0,0,1,0,0,1,0,0
4028.1230650146654,6,38,0,0,0,0,0,0,1,0
4734.047442237743,13,45,0,0,0,0,0,0,0,1
2004.0603178691117,10,50,0,0,1,0,0,0,0,1
3917.573424865458,20,23,0,0,0,0,1,1,0,0
1333.3126109074333,15,58,0,1,0,0,0,1,0,0
4951.709857449274,5,32,0,1,0,0,0,0,0,1
133.71914582793397,21,61,0,0,1,0,0,0,0,1
3019.6263884730993,15,20,0,0,0,1,0,0,0,0
3299.232378348379,19,60,0,0,0,0,1,1,0,0
3441.7875575852736,15,64,0,0,0,1,0,0,1,0
606.3359560514996,11,52,0,0,1,0,0,0,0,1
4692.956268448286,16,31,0,0,1,0,0,0,0,1
910.0104788551636,4,19,0,0,0,1,0,0,0,1
3115.653249183006,12,46,0,0,0,0,0,0,0,1
1117.2670152198093,7,21,0,0,1,0,0,0,0,0
1539.5460030212482,23,43,0,0,0,0,1,1,0,0
2734.560415931981,4,68,0,0,0,1,0,0,0,1
2088.8811257300595,11,29,0,0,0,0,0,1,0,0
805.3268768776489,8,19,0,0,0,1,0,0,1,0
858.8273300921372,2,34,0,0,0,0,0,0,1,0
2093.633216873184,2,52,0,0,0,0,0,0,1,0
3787.628476486126,0,27,0,0,0,0,1,0,1,0
4490.3334110047035,21,65,0,0,1,0,0,1,0,0
425.2176729856173,17,39,0,0,0,0,0,0,1,0
1968.5540182592083,23,58,0,0,1,0,0,0,1,0
505.72659079576874,11,60,0,0,0,0,1,0,0,1
87.87944075982642,8,38,0,0,1,0,0,0,0,1
3310.284819806563,8,32,0,1,0,0,0,0,0,1
3014.234962623106,17,52,0,0,0,0,0,0,0,0
819.2804735053566,17,65,0,0,0,0,1,0,0,1
1172.8951012998552,6,79,0,0,0,1,0,0,1,0
123.42022945436932,3,38,0,0,0,0,1,1,0,0
4175.561292443546,12,38,0,0,0,0,0,0,1,0
4873.579527262515,16,38,0,0,0,0,1,1,0,0
681.6203862894806,23,77,0,0,0,1,0,0,1,0
1161.218692757664,1,61,0,1,0,0,0,0,0,0
4342.705572114935,13,49,0,0,0,0,0,0,0,1
4632.686670791143,2,72,0,0,0,0,0,0,1,0
2101.0387771200176,4,22,0,0,0,0,1,0,0,1
257.85924898402527,13,56,0,0,1,0,0,0,0,0
201.7622092956329,2,26,0,0,1,0,0,0,0,0
2871.879581014707,22,70,0,0,0,1,0,0,0,1
1967.5110689214291,6,35,0,1,0,0,0,0,0,1
148.11887575038432,17,38,0,1,0,0,0,1,0,0
2918.345699601221,12,25,0,0,0,0,1,0,0,1
61.45617026216725,22,61,0,0,0,0,1,0,0,1
3937.9229309556185,21,69,0,0,1,0,0,1,0,0
1535.631949403341,9,51,0,1,0,0,0,0,1,0
206.08872503111434,12,27,0,1,0,0,0,1,0,0
2943.819343810851,15,68,0,1,0,0,0,0,1,0
1991.433650093108,8,58,0,0,0,1,0,0,1,0
4869.133064718962,1,74,0,0,0,1,0,0,1,0
2723.2723192059925,22,41,0,0,0,0,1,1,0,0
1379.8197092798564,4,57,0,0,1,0,0,1,0,0
3548.647128846704,21,41,0,0,0,0,0,0,0,0
1361.102552700843,16,73,0,0,1,0,0,0,1,0
4521.695240580788,22,49,0,0,0,1,0,1,0,0
1876.7362426843454,21,73,1,0,0,1,0,0,0,0
2751.593471067145,3,50,0,0,0,0,1,0,1,0
257.61265360202316,16,55,0,0,0,0,0,1,0,0
2133.4755835713927,8,61,1,1,0,0,0,1,0,0
4162.65588060667,19,74,0,0,0,0,0,1,0,0
4029.215782789893,1,73,0,0,0,0,0,0,0,1
1125.4712014733636,23,68,0,0,0,0,0,0,0,0
1134.2649596977606,17,76,0,0,0,0,1,1,0,0
4087.4400345051176,20,66,1,0,0,1,0,0,0,1
4652.3401087457805,21,51,0,1,0,0,0,0,0,0
481.32780175865275,10,28,0,0,0,0,0,0,0,0
2253.042903933995,12,48,0,1,0,0,0,0,0,1
1690.5841234263237,7,35,0,0,0,0,0,0,0,0
4354.088835009909,0,40,0,0,0,1,0,0,0,1
422.20694882669375,16,77,0,1,0,0,0,0,1,0
1059.5740830773968,11,39,0,0,1,0,0,1,0,0
3763.579346244539,3,60,0,0,0,1,0,0,0,1
261.21277566117186,20,35,0,1,0,0,0,0,0,0
2465.2142266678748,12,57,0,0,0,0,0,0,0,0
2213.3246382252014,8,64,0,0,0,0,0,0,1,0
1675.3338890487996,6,58,0,0,0,1,0,0,1,0
1975.8887150180242,22,64,0,0,0,1,0,0,1,0
2652.0532317165134,23,56,0,0,0,0,0,0,1,0
811.0299551499737,4,37,0,1,0,0,0,0,1,0
2862.119412026546,4,30,0,0,1,0,0,1,0,0
4028.134484853432,16,62,0,0,0,0,1,0,0,1
3802.0038443018443,8,18,0,0,0,1,0,0,1,0
773.7300239453996,5,69,0,0,0,0,0,0,1,0
750.5011013586621,18,21,0,1,0,0,0,1,0,0
1344.530966885842,15,41,0,0,0,1,0,0,0,1
1808.5682580734808,20,53,0,1,0,0,0,0,1,0
2045.2356291353706,1,53,0,0,0,1,0,0,0,1
3400.0875980825595,9,62,0,0,0,0,0,0,0,1
288.1187586683478,15,19,0,1,0,0,0,1,0,0
178.1901576092016,4,45,0,0,0,0,0,1,0,0
1962.5932619048256,14,43,0,1,0,0,0,0,1,0
3487.3326422292125,12,40,0,0,0,1,0,0,0,0
971.2095380676304,12,32,0,0,0,0,1,1,0,0
3209.314883874977,12,53,0,0,0,0,1,0,0,1
1302.841549011796,14,44,0,0,1,0,0,0,0,1
4431.000113523514,13,23,0,0,1,0,0,0,1,0
4478.971271611749,7,52,0,0,0,0,0,0,1,0
1489.9495853852259,10,56,0,1,0,0,0,0,1,0
1153.8188010463864,17,55,0,0,1,0,0,0,0,1
2059.463340470825,23,52,0,0,0,1,0,1,0,0
1206.4552679748429,3,53,0,0,0,0,1,0,0,0
3363.5572972420596,9,27,0,1,0,0,0,1,0,0
4131.193099318686,0,47,0,0,0,0,1,0,0,0
3367.095193901529,4,70,0,1,0,0,0,1,0,0
4122.6304840105,12,58,0,0,1,0,0,0,1,0
1987.9758502263333,0,79,0,0,1,0,0,0,0,1
785.80326869076,22,55,0,0,0,0,0,0,0,0
3691.0649822509727,7,46,0,1,0,0,0,1,0,0
1805.5701531820616,2,69,0,0,0,1,0,0,0,1
3357.997772019517,2,76,0,0,1,0,0,0,0,0
1356.8664901989196,6,60,0,0,0,0,0,0,0,0
410.74202585933,3,56,0,0,1,0,0,0,0,1
4962.946068461378,2,67,0,0,0,0,1,0,1,0
785.2265321133434,14,21,0,0,1,0,0,0,0,1
4942.162864847588,7,22,0,1,0,0,0,0,1,0
4886.513263169404,2,21,0,0,0,0,0,1,0,0
3970.121429020658,6,53,0,1,0,0,0,1,0,0
3298.8176955995777,17,76,0,0,0,1,0,0,0,1
2891.146216004168,10,62,0,0,0,1,0,0,1,0
4331.177219162284,10,33,0,0,1,0,0,1,0,0
1450.7504104893424,16,42,0,0,0,0,0,0,1,0
2341.067656361961,5,31,1,0,0,0,0,0,1,0
3098.852896985677,7,28,0,0,0,0,0,0,1,0
2058.896426968108,0,46,0,0,0,0,0,0,0,1
2140.2948381808887,9,51,0,0,1,0,0,0,1,0
1654.7719141729117,18,39,0,1,0,0,0,0,0,1
2823.3379243392574,2,31,0,0,1,0,0,1,0,0
4253.619767435504,3,73,0,1,0,0,0,1,0,0
1011.6342481415327,10,41,0,0,0,0,1,0,0,0
4672.49302857344,14,76,0,0,0,0,1,0,0,0
3446.992830472407,0,56,0,1,0,0,0,1,0,0
4117.249697336751,8,43,0,0,1,0,0,0,1,0
2783.172509686908,10,60,0,0,0,1,0,0,1,0
3898.6859236131972,18,53,0,0,1,0,0,1,0,0
85.9209847106387,12,56,0,0,0,1,0,1,0,0
4092.8102217737783,15,78,0,0,1,0,0,0,0,0
205.49360113140577,3,33,0,0,0,0,0,0,1,0
4450.117314932498,0,75,1,0,0,0,0,1,0,0
4959.853922457023,19,55,0,0,0,0,1,0,0,0
1473.8669735730052,12,76,0,0,0,0,1,0,0,0
1055.5411886475392,0,49,0,1,0,0,0,0,1,0
3827.990002470913,4,23,0,0,0,1,0,0,0,0
1268.8665728966648,4,51,0,0,0,0,0,0,0,0
4328.484103945157,13,73,0,0,1,0,0,0,0,1
518.6987478265961,22,25,0,1,0,0,0,1,0,0
634.1462059148945,13,47,0,0,1,0,0,0,1,0
4895.862017727575,7,44,0,0,0,0,0,1,0,0
3370.825296858673,3,24,0,0,0,0,0,0,0,1
4235.2016860226195,6,44,0,0,0,0,0,0,1,0
1625.0252398708324,19,42,0,0,0,0,0,1,0,0
3384.036328855419,18,73,0,0,1,0,0,0,0,0
2973.237927406443,14,63,0,1,0,0,0,0,1,0
3017.73485001412,21,58,0,0,0,0,0,0,0,1
3414.249635390919,3,32,0,0,0,0,1,0,0,0
2878.919069779847,18,42,0,1,0,0,0,0,0,1
2148.1665346668165,8,39,0,0,0,0,1,0,0,0
1383.2338584308316,20,35,0,0,1,0,0,1,0,0
3844.063747911444,12,29,0,0,0,0,0,1,0,0
1135.230787865915,13,40,0,1,0,0,0,1,0,0
3463.3097592412987,22,68,0,0,0,0,0,0,0,1
1170.4974491333867,13,62,0,0,0,0,0,0,1,0
3128.5241989224974,21,56,0,1,0,0,0,1,0,0
3736.6559443094993,9,42,1,0,0,0,0,0,0,1
1097.4758750881633,15,27,0,0,0,0,0,0,0,0
304.41678780223486,4,47,1,0,0,1,0,1,0,0
659.2138462558995,22,27,0,0,0,1,0,0,0,0
3031.954851518772,5,51,0,1,0,0,0,1,0,0
4247.984799097549,1,63,0,1,0,0,0,0,0,0
229.7591220709447,12,30,0,0,0,0,0,0,0,1
3672.085538913023,12,71,0,0,0,0,1,1,0,0
1709.8866365205104,18,46,0,1,0,0,0,0,0,1
2395.249207748015,17,55,0,0,0,0,0,0,0,1
4644.6534514786,18,58,0,0,0,0,1,0,0,0
1663.1976661555482,0,62,0,0,0,1,0,1,0,0
2329.357985027733,7,26,0,1,0,0,0,0,1,0
73.34366172960212,21,30,0,0,0,0,0,0,1,0
412.5856064241676,15,54,0,0,0,1,0,0,0,1
1296.6649977182462,1,31,0,0,1,0,0,0,0,0
144.12194290126664,7,54,0,0,0,1,0,0,0,0
3158.7197536110134,5,26,0,0,0,0,0,0,0,0
2134.8597922241047,15,25,0,0,0,0,1,1,0,0
2742.98528762647,22,56,0,0,1,0,0,1,0,0
877.3626935521661,10,57,0,0,1,0,0,0,0,0
1483.1804870358976,16,71,0,0,1,0,0,0,1,0
3320.803251889362,22,20,0,1,0,0,0,0,1,0
4826.687104533847,18,72,0,0,0,0,0,1,0,0
256.83178414303495,10,73,0,0,1,0,0,0,0,0
4452.469682672054,7,64,0,0,0,1,0,0,1,0
2886.5216005494863,21,57,0,0,0,0,1,0,1,0
2821.7782359443404,3,50,0,0,0,0,0,1,0,0
2503.891283362763,10,49,0,0,0,1,0,1,0,0
351.623459091396,7,24,0,1,0,0,0,0,1,0
453.93487442212256,8,36,0,0,1,0,0,0,0,0
3006.555468267135,1,51,0,0,0,1,0,0,1,0
1708.0880643206137,15,31,0,0,0,0,0,0,1,0
4586.753992555515,5,67,0,0,0,1,0,0,0,0
2035.919734110564,20,79,0,1,0,0,0,1,0,0
720.6908862196922,20,64,0,0,0,0,1,0,0,0
3575.02057334267,18,63,0,0,1,0,0,0,0,0
1470.3003400978441,7,73,0,0,0,0,0,0,0,0
2629.7241852426864,13,74,0,0,1,0,0,0,0,0
3490.6747635983243,23,36,0,0,1,0,0,1,0,0
4501.819235454342,15,79,0,0,1,0,0,0,1,0
3961.995018034372,11,68,0,0,0,1,0,0,0,1
3383.4235340242567,4,71,0,0,0,1,0,1,0,0
3399.7677460637424,23,76,0,0,0,0,1,0,0,0
4729.893596940272,23,43,0,1,0,0,0,0,1,0
1482.6413669951976,18,34,0,0,0,0,0,0,1,0
10.554910509956102,17,71,0,0,0,1,0,0,0,0
1363.4130241940024,8,45,0,0,1,0,0,1,0,0
1093.3674412355863,1,36,0,1,0,0,0,0,0,0
3310.863752644421,19,44,0,0,0,0,0,0,1,0
3170.3894408288174,11,65,0,0,0,0,0,0,1,0
2969.3396066100954,1,69,0,0,0,0,0,1,0,0
86.13599883122123,9,74,0,0,0,0,0,0,0,1
3645.246381980984,0,36,0,0,0,0,1,0,0,0
1621.0344103650302,3,50,0,0,0,0,0,0,0,1
3326.9546650881225,11,68,0,1,0,0,0,0,1,0
2785.1092503682557,8,24,0,0,0,1,0,0,0,1
1716.9409725123962,3,46,0,1,0,0,0,0,0,0
677.2084541850182,8,72,0,0,1,0,0,0,0,0
476.62239381410234,5,60,0,0,0,0,1,0,1,0
4158.434073895557,0,22,0,0,0,0,1,1,0,0
4592.395722697383,9,47,0,0,1,0,0,1,0,0
3250.6912935876762,13,66,0,1,0,0,0,0,1,0
521.6534037281144,21,60,0,1,0,0,0,0,0,0
2013.1259483567624,17,73,0,0,1,0,0,1,0,0
3646.0513045252605,5,75,0,0,0,0,0,0,0,1
3900.20531563029,17,25,0,0,0,0,0,0,1,0
595.5020183439875,19,59,0,0,0,1,0,0,0,1
5.153440632685167,15,29,0,1,0,0,0,0,0,0
3562.124544173622,14,59,0,1,0,0,0,1,0,0
1786.1978990510972,15,30,0,0,1,0,0,0,0,0
1276.13425143321,7,43,0,0,1,0,0,0,0,1
69.42286159867957,12,35,0,0,0,0,0,0,0,0
2703.795536773691,22,59,0,1,0,0,0,0,0,0
4256.497923452779,10,68,0,1,0,0,0,0,1,0
4788.370073131577,6,69,0,0,0,0,1,0,1,0
2830.8960283133797,16,66,0,0,0,1,0,0,0,0
2574.7343320607715,17,37,0,0,0,1,0,0,1,0
429.8566455187593,21,33,0,0,0,0,0,0,0,0
2746.619643705286,22,54,0,1,0,0,0,0,0,1
1902.995499432146,18,20,0,0,0,0,1,0,1,0
3037.6407280134667,12,79,0,1,0,0,0,0,0,0
1946.6881076433508,14,44,0,0,1,0,0,0,1,0
1205.2941216345819,22,32,0,0,0,0,0,0,0,0
479.35154976574063,21,75,0,0,0,1,0,0,1,0
1578.0176307215343,21,51,1,1,0,0,0,1,0,0
487.7409472673226,0,62,0,0,0,0,0,0,0,0
888.6002693657997,15,39,0,0,0,1,0,1,0,0
4936.744112104832,4,57,0,1,0,0,0,0,0,0
2223.29726674856,2,40,0,0,0,0,1,1,0,0
2661.6994736925576,22,76,0,0,0,0,0,0,0,0
4368.724551042391,9,79,0,1,0,0,0,0,1,0
4977.866657950985,18,66,0,0,0,1,0,1,0,0
2915.658674476684,4,21,0,0,0,1,0,0,1,0
4063.3067361156372,6,68,0,0,0,0,1,0,0,0
1638.070416561693,13,71,0,0,0,0,0,0,1,0
1532.191067449219,2,74,0,0,0,0,0,0,0,0
2016.5050863678282,12,58,0,1,0,0,0,0,1,0
3364.1737770548775,12,40,0,0,0,1,0,1,0,0
3412.5474878292184,9,64,0,0,0,1,0,0,0,0
1579.6209760740069,1,77,0,0,0,0,1,0,1,0
670.3835710624603,5,26,0,0,0,0,1,0,0,0
3163.819301045215,7,41,0,0,0,0,0,0,0,0
645.9876816328788,3,38,0,0,0,1,0,0,0,0
2894.5700786055036,11,58,0,1,0,0,0,0,0,1
3468.6435296412633,14,63,0,0,1,0,0,0,0,0
3504.554424490286,7,72,0,1,0,0,0,0,1,0
3768.593192744686,6,70,0,0,0,0,1,0,0,1
4364.932810720495,13,33,0,1,0,0,0,0,1,0
2502.2951648641183,22,73,0,0,0,1,0,0,0,1
3652.594701700208,18,72,0,0,0,0,0,0,0,0
3097.7678131523544,13,42,1,0,1,0,0,1,0,0
937.2664992894244,21,43,0,0,0,0,0,1,0,0
133.3197761226938,12,66,0,0,1,0,0,0,0,0
1426.284221456284,20,62,0,0,1,0,0,0,0,1
2217.953363156409,0,26,0,0,0,1,0,0,1,0
3087.4441924211383,18,32,0,0,0,1,0,1,0,0
4250.546855863511,0,56,0,0,0,0,1,0,0,0
985.2473549472974,3,50,0,0,0,0,1,0,0,0
632.1212005428931,9,18,0,0,1,0,0,0,0,1
4817.582337634266,2,22,0,0,0,0,1,1,0,0
544.6825740851535,19,73,0,0,0,1,0,0,0,0
2395.06289518541,8,26,0,0,0,0,1,1,0,0
2929.8908253225427,2,61,0,0,1,0,0,0,1,0
2709.165232432654,5,23,0,0,0,0,0,0,0,0
434.7306243795513,5,45,0,1,0,0,0,0,0,0
289.84943544807874,22,62,0,0,0,0,1,0,1,0
531.8897201678732,11,43,0,0,0,1,0,0,0,0
2930.0104809436993,22,45,0,0,0,0,0,0,0,1
2724.0027137334337,0,57,0,0,0,1,0,0,1,0
1172.5352562235375,15,32,0,0,0,0,1,0,0,1
3190.68183851873,23,23,0,0,1,0,0,0,1,0
4101.237172767968,4,44,0,1,0,0,0,0,1,0
212.68690443373586,8,55,0,1,0,0,0,0,0,1
2493.1590680224717,9,21,0,0,0,0,0,0,1,0
3448.105508452938,12,28,0,1,0,0,0,1,0,0
1265.298075713087,14,38,0,0,1,0,0,0,0,1
1542.3156719392798,11,47,0,0,0,1,0,0,1,0
3070.1213254319723,4,35,0,0,1,0,0,0,0,1
4490.186790751466,4,52,0,0,0,0,0,0,1,0
4050.5724794129824,17,20,0,0,0,0,0,0,1,0
2917.7354444024195,11,79,0,1,0,0,0,1,0,0
3652.45748019746,2,29,0,0,1,0,0,1,0,0
1827.2882386879544,6,44,0,0,0,1,0,1,0,0
3206.622812853295,16,70,0,0,1,0,0,0,1,0
2333.577047682147,18,47,1,0,0,1,0,1,0,0
953.7310016055168,17,38,0,0,0,1,0,0,0,1
3510.1826780168994,0,55,0,0,1,0,0,0,1,0
2784.540863557366,23,38,0,0,0,0,1,0,0,1
1796.314801858189,4,77,0,0,1,0,0,1,0,0
4557.139254442761,1,55,0,0,0,1,0,0,1,0
109.56591854453266,0,57,0,0,0,0,0,0,0,1
1582.2868904912325,6,32,0,0,0,0,0,0,0,0
289.12258189934454,10,35,0,1,0,0,0,0,0,1
3833.803944527028,10,69,0,0,0,0,0,0,1,0
3512.026733298394,17,46,0,0,0,0,1,0,0,0
1660.1043325879036,16,65,0,0,0,1,0,1,0,0
3379.9361965243297,1,55,0,0,1,0,0,1,0,0
1982.7064448487695,6,77,0,0,1,0,0,0,0,1
3782.4876881550595,6,38,0,0,0,0,1,1,0,0
2273.647395369847,9,34,0,0,0,0,0,0,0,1
2064.3372405191694,21,58,0,0,0,1,0,0,0,1
4673.975927864063,20,68,0,0,0,0,0,0,0,1
1258.1411039540476,2,35,0,1,0,0,0,0,0,1
606.6344632828443,11,74,0,0,0,0,0,0,1,0
2924.7928507309935,2,72,0,1,0,0,0,0,1,0
4846.762452359474,10,54,0,0,1,0,0,0,0,0
1892.3068725672974,11,77,0,0,0,1,0,0,0,0
314.8736343257637,3,55,0,1,0,0,0,1,0,0
1699.8298102112894,15,29,0,0,0,0,0,0,1,0
2532.128613326194,19,28,0,0,0,0,0,0,0,0
813.8054181279075,17,65,1,0,1,0,0,0,1,0
3292.220579192178,3,69,0,0,0,0,1,0,1,0
4988.758198105952,21,66,0,0,0,0,1,1,0,0
2261.438682527312,5,37,0,0,0,0,0,1,0,0
1776.8691408674122,20,26,0,0,0,0,1,0,0,1
2006.5173133381609,14,18,0,0,0,1,0,0,1,0
580.1551610840297,0,75,0,0,0,0,1,0,0,1
4416.951639123988,2,20,0,0,0,1,0,0,0,1
2077.054149329153,4,38,0,0,0,0,0,0,0,1
1939.4356850670824,21,40,0,0,0,0,0,0,1,0
3300.1529132877195,16,26,0,0,0,0,0,0,1,0
2212.956937550962,13,71,0,0,1,0,0,0,0,1
3242.926176695191,8,36,0,0,0,0,1,0,1,0
311.9242192032836,2,62,0,1,0,0,0,0,0,1
4069.548101892526,12,72,0,1,0,0,0,0,0,0
4702.817244632616,2,63,0,0,0,0,0,0,1,0
3245.5831038661327,10,69,0,0,0,0,1,1,0,0
4773.05681464976,1,36,0,0,0,1,0,1,0,0
761.4044102779667,23,79,1,1,0,0,0,0,0,1
2389.693866454367,14,40,0,0,0,0,0,0,0,0
3011.0246360575093,12,44,0,1,0,0,0,0,1,0
2910.7745538688278,18,44,0,1,0,0,0,0,0,1
2010.301586549771,21,56,0,1,0,0,0,0,0,0
1693.7316247844756,15,53,0,0,0,0,0,0,0,0
638.4859926393419,17,29,0,0,0,0,0,0,1,0
1961.7535405585795,6,72,0,0,1,0,0,1,0,0
817.4907714518982,12,44,0,0,1,0,0,1,0,0
3673.156554078631,3,63,0,0,1,0,0,0,0,0
1048.110522795477,8,51,0,1,0,0,0,1,0,0
297.5336998962466,9,50,0,0,0,0,1,0,0,0
2764.0688583970855,8,45,0,0,0,0,0,0,0,0
2978.172514933411,6,48,0,0,1,0,0,0,0,0
4360.205741096125,14,49,0,0,0,0,1,1,0,0
2887.0231540263208,7,67,0,0,1,0,0,0,0,1
1730.6768643486114,18,37,0,0,1,0,0,1,0,0
4016.044348223971,10,57,0,0,0,0,1,0,0,1
2703.6930714711684,4,52,0,0,1,0,0,1,0,0
401.0050217328028,1,48,0,1,0,0,0,0,1,0
2831.423548764667,9,75,0,1,0,0,0,0,1,0
4540.5526343812035,15,48,0,1,0,0,0,1,0,0
1984.5815643636117,22,55,0,0,0,1,0,0,1,0
1485.1473804895013,12,39,0,0,1,0,0,0,1,0
721.6299378050102,7,62,0,0,0,1,0,0,1,0
761.4703820671098,8,58,0,0,0,0,0,0,1,0
2166.6935642873855,10,26,0,0,0,0,1,0,0,1
2980.42072168684,10,69,0,0,0,0,0,0,0,0
407.67394882216075,22,26,0,0,0,1,0,0,0,1
4698.145102180702,15,32,0,1,0,0,0,0,0,0
3776.8924191387537,9,30,0,0,1,0,0,0,0,0
2935.186471826895,23,39,0,0,1,0,0,1,0,0
4143.05116134026,11,33,0,1,0,0,0,1,0,0
405.5328502765059,5,49,0,0,1,0,0,1,0,0
2386.8101942769563,11,19,0,0,0,0,1,1,0,0
3152.315168674009,9,43,0,0,0,0,1,1,0,0
4144.121266060854,17,31,0,0,0,0,1,0,0,1
3918.430452446092,17,76,0,0,0,0,0,0,0,1
1388.9609023184312,3,55,0,1,0,0,0,0,1,0
4704.6964469482255,8,51,0,0,0,0,1,0,0,1
626.1074779471974,6,25,0,0,0,1,0,0,0,1
4376.292425012655,17,53,0,0,0,0,1,1,0,0
4854.846546775069,7,38,0,0,0,0,0,0,1,0
889.8818484970147,10,73,0,0,0,1,0,0,0,1
3611.7199906979076,6,63,0,1,0,0,0,0,0,1
206.22616629610232,8,60,0,1,0,0,0,0,1,0
2030.087011570079,7,73,0,0,0,0,1,0,0,0
2583.8350794923817,2,45,0,0,0,1,0,1,0,0
2905.322903418622,16,63,0,0,0,1,0,0,0,1
4680.006555001555,1,61,0,0,0,0,1,0,0,1
3362.8921830345025,14,65,0,0,0,0,1,0,1,0
2408.9833663400887,13,23,0,0,1,0,0,0,0,1
4049.326806148117,17,37,0,0,1,0,0,1,0,0
4752.9114406672725,15,48,0,0,0,0,1,0,0,1
115.22041266804275,19,50,0,0,0,0,0,0,0,0
4912.693754918913,21,61,0,0,1,0,0,1,0,0
435.23003462308327,3,24,0,0,0,0,1,0,0,0
4072.861962447463,19,25,0,0,0,1,0,0,1,0
1405.2720889943055,5,26,1,0,1,0,0,1,0,0
665.2373904805894,5,19,0,0,0,0,0,0,0,1
2202.0789203706054,10,34,0,1,0,0,0,1,0,0
3221.5631143408295,16,69,0,0,0,1,0,1,0,0
1907.8544658922576,23,62,0,0,0,0,0,1,0,0
277.5542143720813,2,54,0,0,0,0,0,0,0,0
2999.3083925952897,12,59,0,0,0,0,0,0,1,0
4512.50436417282,21,61,0,0,0,1,0,1,0,0
1919.1607529065222,2,34,0,0,0,0,0,0,0,1
1085.582224265981,15,70,0,1,0,0,0,1,0,0
2215.6738429344127,14,55,0,0,1,0,0,1,0,0
246.57174168866044,10,52,0,0,0,1,0,0,1,0
4103.335484478973,17,77,0,0,0,0,0,0,0,1
4132.572350696183,14,64,0,0,0,0,1,0,0,1
2942.0623148309937,4,56,0,0,1,0,0,0,0,0
1768.7489302472554,15,47,0,0,0,1,0,0,0,1
3999.9179054066876,15,23,0,0,0,0,1,0,0,1
2775.661688817894,16,21,0,0,0,0,1,0,0,1
4130.531881207331,8,68,0,0,0,0,0,1,0,0
3159.136668952188,22,54,0,0,0,1,0,0,0,0
3923.1053386979224,2,52,0,0,0,0,0,0,0,1
2994.822151122711,19,75,0,1,0,0,0,0,0,1
2073.6346357372527,12,74,0,0,0,0,1,0,0,1
4789.939570331057,21,26,0,1,0,0,0,1,0,0
2707.8635552698297,2,23,0,0,0,0,0,1,0,0
3027.4221451099893,6,30,0,0,1,0,0,0,0,0
1106.3357588766726,5,76,0,0,0,0,1,0,1,0
3130.125693189246,8,39,0,0,1,0,0,0,0,0
2860.1802091673044,11,45,0,0,0,1,0,1,0,0
928.2677977453897,14,47,0,0,0,0,1,0,0,1
302.63755127895286,20,69,0,1,0,0,0,0,0,1
3023.7748019752817,19,53,0,0,1,0,0,0,0,0
3819.642885404851,2,19,0,0,0,1,0,0,0,1
2619.389847755431,9,75,0,0,0,0,1,1,0,0
1137.7292634716302,0,53,0,0,0,1,0,0,0,0
3334.2772735817093,18,25,0,1,0,0,0,0,1,0
405.1281044149632,18,62,0,0,0,0,1,1,0,0
2211.9593554857634,22,59,0,0,0,1,0,1,0,0
821.0169582001089,22,67,0,0,0,0,0,0,0,1
926.3729600441173,12,26,0,0,0,0,1,1,0,0
1015.4582760452272,11,79,0,0,0,0,1,1,0,0
1936.6017499346697,0,18,0,0,0,0,1,0,1,0
260.49527707388614,18,30,0,0,0,0,1,0,0,1
1991.9782374408455,23,67,0,0,0,0,0,1,0,0
2560.978698337931,15,32,0,1,0,0,0,0,0,1
2419.0549534067945,22,49,0,0,0,0,0,1,0,0
1917.0065815131877,22,51,0,0,0,0,0,0,1,0
4196.537307313409,14,60,0,0,0,1,0,0,0,1
730.906828640418,15,78,0,0,1,0,0,0,0,1
2530.955235187963,10,48,0,0,1,0,0,0,1,0
314.8968776979887,23,31,0,0,0,1,0,0,0,0
360.42261599515916,5,71,0,0,0,0,0,1,0,0
2871.459919137096,10,64,1,0,0,1,0,1,0,0
2832.2620323146657,2,31,0,0,0,0,1,0,0,0
4390.777396658063,14,65,0,0,0,1,0,0,0,1
2791.5790099220653,0,72,0,0,0,1,0,0,0,1
4799.156146922227,6,46,0,0,0,0,1,0,1,0
248.2307677576492,0,64,0,0,1,0,0,0,1,0
494.54838547980165,16,36,0,0,0,0,1,0,1,0
225.10897854405505,8,44,0,1,0,0,0,0,0,0
930.4578674160324,22,26,0,0,0,1,0,0,0,0
2708.644204153682,12,54,0,0,0,1,0,0,0,1
3229.633046230003,10,54,0,0,1,0,0,0,1,0
232.69786395360063,19,60,0,0,0,0,0,0,0,1
4730.124594778768,5,45,0,0,0,0,1,0,0,0
4211.6160563686535,0,69,0,0,0,0,0,1,0,0
1486.5793483746802,6,74,0,1,0,0,0,0,0,1
390.55171348120746,11,41,0,0,0,0,1,0,0,0
853.5859307291911,21,45,0,1,0,0,0,0,1,0
639.0873467060885,19,53,0,1,0,0,0,1,0,0
620.8024775982395,22,69,0,1,0,0,0,1,0,0
2595.215634885341,18,35,0,0,0,0,1,1,0,0
1233.0079752545344,16,42,0,0,0,0,1,0,1,0
1793.9078840630766,3,52,0,0,1,0,0,1,0,0
4947.579140254691,2,21,0,0,0,1,0,0,0,0
3423.1496733820973,0,31,0,0,0,0,0,0,0,1
4745.158431899772,17,56,0,0,0,0,0,1,0,0
717.0699923904124,20,43,0,1,0,0,0,1,0,0
1913.7866767886835,14,25,0,0,0,0,1,0,0,0
2775.8853573953597,7,41,0,0,0,0,1,0,1,0
388.40651913424637,0,33,0,1,0,0,0,1,0,0
25.916280921649538,19,37,0,0,0,1,0,0,0,0
3353.8194973156033,13,32,0,0,0,0,0,0,0,0
3210.8884864231695,3,24,0,0,1,0,0,0,1,0
2056.890105948061,4,75,0,0,0,1,0,0,1,0
2450.772159780003,22,34,0,0,0,0,1,0,0,1
2080.1377879574875,12,39,0,1,0,0,0,1,0,0
124.90519900021984,23,39,0,0,0,0,0,0,0,1
1680.181173056225,14,71,0,1,0,0,0,0,0,0
889.5258657094627,5,29,0,0,0,0,1,1,0,0
496.62882456133684,0,35,0,1,0,0,0,0,0,0
4783.8185672773025,22,73,0,0,0,0,0,0,0,0
2998.801826585617,18,63,0,1,0,0,0,0,0,0
3644.63813976183,12,64,0,0,0,0,0,0,1,0
1580.241897614257,5,32,0,1,0,0,0,0,1,0
1968.769911822606,14,54,0,1,0,0,0,1,0,0
1188.4353495141338,15,33,0,0,0,0,0,0,0,0
489.3435264722966,23,22,0,1,0,0,0,0,0,0
899.2630290207111,22,19,0,0,0,1,0,1,0,0
3988.582656255947,15,69,0,0,1,0,0,0,0,1
3389.34129689296,9,45,0,0,0,1,0,0,0,0
2736.9097355474573,21,74,0,0,1,0,0,0,1,0
2378.0739149695064,8,58,0,0,0,1,0,0,0,1
4612.559246862342,8,71,0,0,1,0,0,0,0,1
368.3110641544487,16,44,0,1,0,0,0,0,0,1
1406.6010621233902,16,48,0,0,0,0,0,0,0,1
1752.9395785857166,16,58,0,0,0,0,0,0,0,1
3913.216932002875,23,53,0,0,0,0,1,0,0,1
4962.610527709046,11,64,0,0,1,0,0,1,0,0
1207.1492212119795,12,60,0,0,0,0,1,1,0,0
4372.165134014717,11,18,0,0,0,0,1,0,0,1
4153.960688356798,13,67,0,0,1,0,0,0,1,0
1127.1637012206243,9,46,0,0,0,0,0,1,0,0
1999.6662380951168,22,18,0,0,1,0,0,1,0,0
2051.315982116133,18,25,0,1,0,0,0,0,0,1
4891.212239290158,1,74,0,0,0,0,1,0,1,0
908.5550473875971,3,33,0,0,0,0,1,0,0,1
3996.7940656683863,18,75,0,0,1,0,0,0,1,0
1674.292607294684,6,45,0,0,0,0,1,0,1,0
3655.697377151921,14,39,0,0,0,0,0,0,0,0
2102.954966456836,14,35,0,0,0,0,1,1,0,0
2893.9070167671175,23,39,0,0,1,0,0,0,0,1
4163.8958077640245,5,58,0,0,0,0,0,1,0,0
4021.806997094501,2,29,0,0,0,0,0,1,0,0
4332.783801780803,5,36,0,0,0,0,1,0,1,0
302.7885400965718,15,42,0,0,1,0,0,1,0,0
3461.7925124335256,1,67,0,0,0,0,1,0,0,0
704.2369467252055,6,76,0,1,0,0,0,0,0,1
2082.0137472519627,10,22,0,1,0,0,0,1,0,0
2745.199133198169,6,76,0,0,0,0,0,0,0,1
2016.6837263104196,3,51,0,0,0,0,1,1,0,0
2600.4603206360225,23,56,0,1,0,0,0,0,0,1
4982.648912449103,19,76,0,0,0,1,0,0,0,1
680.4104819957093,6,27,0,1,0,0,0,0,0,1
3378.9029464554455,3,64,0,0,0,0,1,1,0,0
1983.024827096148,11,74,0,0,0,0,1,0,0,0
669.3839455421073,4,24,0,1,0,0,0,0,0,1
797.8901330546761,22,77,0,0,0,0,1,0,1,0
4746.619165696857,18,54,0,0,0,0,1,0,1,0
4398.609476075251,4,64,0,0,0,1,0,0,1,0
4535.674592273034,18,69,0,0,0,0,0,0,0,0
4957.7062152577955,20,77,0,0,0,0,1,0,0,1
1045.5353730925472,2,69,0,0,1,0,0,0,0,0
1780.4194901334884,10,32,0,0,0,0,0,0,0,1
3347.7490544747093,6,59,0,0,0,0,0,0,0,0
2421.593686603933,16,41,0,0,1,0,0,0,0,1
2094.855719224776,8,43,0,1,0,0,0,0,1,0
1792.2671904312872,20,78,0,0,0,1,0,0,0,1
2970.934256557544,8,43,0,0,0,0,1,0,0,0
2880.0891760572094,9,63,0,1,0,0,0,0,0,1
811.4818811508792,12,43,0,0,1,0,0,1,0,0
2361.340488404603,14,75,0,0,0,1,0,0,0,1
2769.5915221682003,21,27,0,0,0,1,0,0,1,0
2853.5832589632955,4,34,0,0,0,1,0,0,0,1
1054.4854285971974,2,70,0,0,1,0,0,1,0,0
3712.6456043001726,7,31,0,1,0,0,0,1,0,0
130.86947863124283,19,19,0,0,0,0,1,1,0,0
1777.3851184380974,9,65,0,0,0,1,0,0,0,0
3902.1621794354896,12,30,0,0,0,1,0,1,0,0
2821.6451406717347,2,44,0,1,0,0,0,0,0,0
1309.506350391747,21,26,0,0,0,1,0,1,0,0
3476.2908311185233,7,24,0,0,0,1,0,0,0,0
2839.1177660595868,8,65,0,0,1,0,0,1,0,0
3982.236829234654,21,27,0,0,0,0,0,1,0,0
3676.4508050181676,20,73,0,1,0,0,0,0,0,1
3052.489070570992,11,71,0,1,0,0,0,1,0,0
2443.447488177516,10,26,0,1,0,0,0,0,0,1
670.2447177092795,1,39,0,0,1,0,0,1,0,0
1310.358424337492,17,40,0,0,1,0,0,1,0,0
2098.401867220841,8,24,0,0,0,0,1,0,0,1
2998.4999385969113,1,65,0,0,1,0,0,0,0,1
2570.9707368004474,1,26,0,1,0,0,0,0,0,0
1444.4817071678497,2,44,0,0,0,0,1,0,1,0
37.2894671596042,15,41,0,0,0,0,0,0,0,1
2483.7149133945654,18,46,0,0,0,1,0,0,0,0
1431.7018128684042,3,34,0,0,0,1,0,1,0,0
3674.3684620491226,22,37,0,0,0,0,1,0,0,1
124.61159502606503,17,24,0,0,0,0,0,0,0,1
2926.2149174724254,19,60,0,0,0,1,0,1,0,0
4707.663816342797,17,57,0,0,0,0,1,1,0,0
876.1742892219401,9,24,0,0,1,0,0,1,0,0
2360.889206299224,10,45,0,1,0,0,0,1,0,0
461.6528491266052,16,36,0,0,0,0,0,0,1,0
3130.281151745456,23,37,0,0,0,1,0,0,0,1
2754.905744578147,22,61,0,1,0,0,0,1,0,0
2039.7907934430975,23,56,0,0,0,0,1,1,0,0
2609.2782222613373,19,57,0,0,0,1,0,0,1,0
4483.3904190527055,15,24,0,1,0,0,0,0,0,1
985.4900400437798,19,23,0,0,1,0,0,0,0,0
117.70973596820943,12,42,0,0,0,0,0,0,0,1
4309.01609907201,1,58,0,0,0,0,1,0,0,0
2887.699826527593,23,76,0,0,0,1,0,0,1,0
4453.838985031903,1,30,0,0,1,0,0,1,0,0
2986.741390948797,13,56,0,0,0,0,0,0,1,0
4051.754644348714,3,57,0,0,0,0,0,0,0,1
2151.218449958964,16,39,0,0,1,0,0,1,0,0
3750.5503567849028,12,66,0,0,0,1,0,0,0,1
4565.642127114831,3,34,0,0,0,0,0,0,0,0
2862.7542037924204,2,65,0,0,0,0,1,0,0,1
908.0218270590858,11,39,0,1,0,0,0,0,1,0
1347.64408707584,21,51,0,0,0,0,1,0,1,0
997.2296616025419,22,79,0,0,0,0,0,0,1,0
1238.0508528406858,7,25,0,1,0,0,0,1,0,0
1535.5451695084266,1,66,0,0,1,0,0,0,0,1
2777.8932648321766,5,62,0,1,0,0,0,1,0,0
2942.018189171845,21,35,0,1,0,0,0,0,0,1
2135.366237473096,9,41,0,1,0,0,0,0,0,0
3079.026795205073,11,77,0,0,0,0,0,0,0,1
412.4667534287728,20,71,1,0,0,1,0,0,0,1
443.502244105509,9,77,0,0,0,0,0,0,0,1
863.2881544865039,9,59,0,0,0,1,0,0,0,1
2592.7971027115223,22,19,0,0,1,0,0,0,0,0
1073.9034200980764,2,19,0,0,1,0,0,1,0,0
1420.0055954454238,19,44,0,0,1,0,0,0,1,0
2004.5626166841055,9,31,0,0,1,0,0,0,0,1
4060.2712894318474,8,65,0,0,1,0,0,0,1,0
74.24136888473629,19,56,0,0,0,0,1,0,1,0
3248.647207081929,18,70,0,0,0,0,0,0,1,0
3346.038272548223,13,70,0,0,0,1,0,0,1,0
3994.2856228813994,1,73,0,0,1,0,0,0,0,1
4664.100930606264,4,29,0,0,0,0,1,0,1,0
105.58855550170269,19,49,0,0,0,0,1,0,0,1
773.1496090385149,7,45,0,0,0,0,1,0,0,0
4431.425613809685,6,72,0,0,0,0,0,1,0,0
2295.300218124142,5,45,0,0,1,0,0,1,0,0
2825.13024147265,10,63,0,0,0,0,1,0,0,1
3316.820882597121,11,42,0,0,0,0,1,0,0,1
3396.9376894557086,17,21,0,0,1,0,0,1,0,0
4659.043314565958,18,43,0,0,0,0,0,0,1,0
4984.76233997129,9,53,0,0,0,0,1,0,0,1
3602.1865173500464,20,67,0,0,0,1,0,0,1,0
1439.6699399797283,13,20,0,1,0,0,0,0,0,1
4399.363249460246,2,18,0,1,0,0,0,0,0,1
250.85846813110422,17,34,0,1,0,0,0,0,0,0
1159.2488601081086,23,24,0,0,0,0,0,0,0,0
4487.441658731256,14,79,0,0,0,0,1,1,0,0
1284.676614624578,5,65,0,1,0,0,0,0,0,0
1107.1520428106337,9,79,0,1,0,0,0,0,0,0
694.935839235535,11,22,0,0,1,0,0,1,0,0
4296.263229446348,6,36,0,0,0,0,1,0,1,0
2502.791004659478,16,56,0,0,0,0,1,0,0,0
3376.091549255503,0,63,0,0,1,0,0,0,1,0
1199.1365884547731,17,51,0,0,0,0,1,1,0,0
3791.4119029510266,14,52,0,0,0,1,0,0,0,1
3801.227697085682,18,66,0,0,0,0,0,0,1,0
1566.4271344169592,0,33,0,0,1,0,0,1,0,0
2056.359751886363,4,57,0,1,0,0,0,0,1,0
1052.4029357638533,14,67,0,0,0,0,1,1,0,0
4882.922311497907,2,64,0,0,0,1,0,1,0,0
3229.784872406766,0,56,0,0,0,1,0,0,0,1
4673.046684174,7,44,0,0,0,0,0,0,1,0
1520.4107904275202,11,58,0,0,0,1,0,0,0,1
3910.545110419464,21,55,0,0,0,0,1,0,0,1
3830.4639262042865,18,67,0,0,0,0,1,0,1,0
3459.819981073375,11,67,0,0,0,1,0,0,1,0
4828.366681457668,12,42,0,0,0,0,1,1,0,0
1970.8089038510461,0,43,0,0,0,0,1,0,1,0
657.9330313308377,18,73,0,1,0,0,0,1,0,0
3360.1857519240834,5,31,0,0,1,0,0,1,0,0
3647.902453383645,7,31,0,0,0,0,1,1,0,0
2877.427564426779,3,31,0,0,0,0,1,1,0,0
1038.0553762013144,4,42,0,0,0,0,0,1,0,0
2524.75742863843,21,53,0,0,1,0,0,1,0,0
1564.3877341628013,6,21,0,0,1,0,0,0,1,0
2140.1953081926117,22,64,1,0,1,0,0,0,1,0
3227.8667863440965,3,32,0,0,0,1,0,0,0,0
3727.3476397407185,19,49,0,1,0,0,0,0,1,0
1164.9623310522088,3,35,0,1,0,0,0,0,0,1
2029.600176431532,14,31,0,0,0,0,0,0,0,0
1349.4620471031878,20,75,0,0,1,0,0,0,1,0
997.1649112400362,4,18,0,0,1,0,0,0,0,1
3918.0191638792126,23,59,0,0,0,0,1,0,1,0
4546.717208712777,8,78,0,0,0,1,0,1,0,0
1854.3097674944606,1,37,0,0,0,1,0,0,0,0
3757.6382272469655,6,27,0,0,0,0,0,1,0,0
4485.491470375234,16,27,0,1,0,0,0,0,0,0
4231.390431598506,15,76,0,0,1,0,0,0,0,0
918.1528757534334,16,41,0,0,0,0,0,1,0,0
4781.677948159239,19,51,0,0,0,1,0,0,0,0
1886.498819945165,22,78,0,0,0,1,0,0,0,0
1699.5071025633124,1,45,0,0,0,1,0,0,1,0
316.84447975251277,10,44,0,0,1,0,0,0,0,1
2433.4374022538905,1,57,0,0,1,0,0,1,0,0
549.5230101264389,0,18,0,0,1,0,0,0,1,0
1246.456405532493,1,50,0,0,0,0,1,0,1,0
1588.1283957275705,22,21,1,1,0,0,0,1,0,0
4045.0874858409616,8,24,0,0,0,1,0,0,0,0
4378.065808727503,21,26,0,0,0,1,0,1,0,0
1515.8192557200412,1,33,0,0,0,0,1,0,0,1
4294.197115616646,14,22,0,0,0,1,0,0,0,1
4286.868532162106,9,51,0,0,0,1,0,1,0,0
3824.4314971724434,14,77,0,0,1,0,0,0,1,0
737.7420945058318,9,40,0,0,1,0,0,1,0,0
3453.1626202691414,22,60,0,1,0,0,0,0,0,1
4725.395202579941,16,67,0,0,0,1,0,1,0,0
3414.2896914419493,8,42,0,0,0,0,0,0,0,0
1661.4261612936307,17,74,0,0,0,1,0,1,0,0
2505.393690567002,3,68,0,0,0,1,0,0,1,0
3230.396591538513,8,30,0,1,0,0,0,0,0,0
2555.2991915988755,15,41,0,0,0,0,0,0,0,1
604.1649439461943,3,28,0,0,0,1,0,1,0,0
1563.759903036843,15,69,0,0,0,0,0,0,1,0
4012.9681726153945,18,68,0,0,1,0,0,0,1,0
4307.783140247109,0,34,0,0,1,0,0,0,0,1
690.8136634142733,22,54,0,0,0,0,0,1,0,0
4762.17182823163,5,30,0,0,0,1,0,0,1,0
1647.4689761538036,9,79,0,0,0,0,0,0,0,0
3313.2571249599464,15,44,0,0,0,0,0,1,0,0
3760.3666040536223,3,37,0,0,1,0,0,0,0,1
4060.6714420162275,21,50,0,0,0,0,0,0,0,0
4729.019762618521,21,59,0,0,0,0,1,1,0,0
1568.033142403969,12,49,0,0,0,0,1,0,1,0
4293.239740485014,15,25,0,0,1,0,0,0,0,1
662.7760826638541,19,73,0,0,0,1,0,0,0,1
3526.6793272361956,5,46,0,0,0,1,0,1,0,0
3711.1787589223595,10,57,0,0,1,0,0,0,0,1
3390.2275898005955,23,36,0,0,0,1,0,0,0,0
1265.3121069950892,2,23,0,1,0,0,0,1,0,0
4365.850519340941,19,61,0,0,0,0,1,0,0,0
848.4480245351231,9,77,0,1,0,0,0,0,0,1
272.90578364655005,0,56,0,1,0,0,0,0,0,1
3588.7376281065012,19,65,0,1,0,0,0,0,0,1
2380.001197587505,10,58,0,0,1,0,0,0,0,0
4246.244609693587,11,38,0,1,0,0,0,0,0,1
1920.0687195860035,13,74,0,0,0,0,0,1,0,0
845.5515495960256,7,39,0,0,0,1,0,0,1,0
4183.028751386999,10,59,0,0,1,0,0,1,0,0
2746.803610042158,3,27,0,0,0,0,0,0,1,0
950.0329829898227,6,27,0,0,0,0,0,0,0,1
3603.3180729392966,9,69,0,0,0,0,1,1,0,0
2558.012624255055,18,46,0,0,0,0,1,0,0,0
3023.5433462903975,3,33,0,0,0,0,0,0,1,0
2307.1871993418763,1,18,0,0,0,0,1,0,0,0
4144.401374170942,20,34,0,0,0,1,0,0,1,0
4148.665764836834,17,47,0,0,0,1,0,0,0,1
3548.397165012809,13,43,0,0,0,0,1,1,0,0
531.479880095329,15,70,0,1,0,0,0,0,1,0
4195.075040210824,21,78,0,0,0,0,0,1,0,0
3356.7098377618845,10,63,0,0,0,1,0,0,1,0
3486.635709191476,9,36,0,0,0,0,1,0,1,0
1818.0992878173388,16,70,0,0,0,0,1,0,0,1
4397.001383004248,13,38,0,0,0,1,0,0,1,0
3628.231143173113,21,34,0,0,0,1,0,0,0,0
567.3893803133263,3,63,0,1,0,0,0,0,1,0
2041.8512818587826,18,57,0,0,0,0,1,0,1,0
4432.469907990908,1,38,0,0,0,0,1,0,1,0
240.74752497840808,6,70,0,0,1,0,0,0,0,1
4807.276015112037,8,58,0,1,0,0,0,1,0,0
3397.417028756216,18,57,0,0,0,1,0,1,0,0
3158.7230083286663,15,62,0,0,0,1,0,0,0,1
1356.443486157517,21,66,0,0,0,0,0,0,0,0
1247.7149847521894,15,36,0,0,0,1,0,0,0,0
4710.580806345534,17,77,0,0,0,0,1,0,0,1
1494.870908899443,22,24,0,0,0,1,0,1,0,0
3878.648957111402,20,34,0,0,0,0,1,0,0,0
1968.6433820443604,20,18,0,0,0,0,1,0,0,1
700.5740835695964,10,54,0,1,0,0,0,1,0,0
58.52291198831795,6,74,0,0,0,1,0,0,0,0
2723.565398391178,8,23,0,1,0,0,0,0,0,0
4879.015198651919,3,43,0,0,0,0,1,0,0,1
1848.8352880769764,12,19,0,0,0,1,0,1,0,0
1789.175708295259,3,76,0,0,0,1,0,0,0,0
1723.7376311579633,18,49,0,1,0,0,0,0,0,1
2605.116467337768,1,74,0,1,0,0,0,0,0,0
2206.121092704346,8,65,0,0,0,0,1,1,0,0
4400.173560501437,11,71,0,0,0,0,1,0,1,0
2530.076354658834,1,22,0,0,0,1,0,0,0,0
2541.250401751901,5,54,0,0,0,1,0,1,0,0
696.1661156291802,4,48,0,0,1,0,0,0,0,0
4913.784006847378,4,29,0,0,1,0,0,0,1,0
1253.6145898898042,19,52,0,0,0,0,0,0,1,0
371.4535169607153,21,47,0,0,0,0,1,0,0,0
3317.415513631168,4,65,0,0,0,0,0,0,0,1
2978.855018933579,3,23,0,0,0,0,0,0,0,0
2078.6525416937648,8,32,0,1,0,0,0,1,0,0
2113.850208233987,21,32,0,1,0,0,0,0,0,1
3926.3942856269236,9,78,0,0,1,0,0,1,0,0
982.584637297747,15,33,0,0,0,0,0,1,0,0
4102.165328129724,9,37,0,0,1,0,0,0,0,1
3245.4918339056157,9,30,0,0,0,0,1,0,1,0
2097.7540200287244,18,61,0,0,0,1,0,1,0,0
2292.852939836424,9,59,0,1,0,0,0,0,0,0
1286.9527998945484,5,63,0,0,0,0,1,0,1,0
3761.8110918213893,16,48,0,0,0,0,1,0,1,0
2566.8093378148124,4,51,0,1,0,0,0,0,0,1
1607.6684410354687,5,46,0,1,0,0,0,0,0,0
2982.2703282259463,23,20,0,0,0,0,0,0,0,0
4978.6935879963585,14,26,0,0,1,0,0,0,1,0
2179.1350868844866,18,28,0,0,0,0,1,1,0,0
4603.853546889205,17,28,0,0,0,0,0,1,0,0
1728.3591154232076,3,42,0,0,0,0,0,0,0,0
278.3898710903045,7,39,0,0,0,0,1,0,1,0
1025.1893213103021,15,59,0,0,0,0,1,0,1,0
2096.382240921783,23,75,0,0,0,1,0,0,1,0
1102.0764683298721,18,63,0,0,1,0,0,0,0,1
6.13405590018641,19,26,0,0,0,0,1,0,0,0
4575.432681048898,2,37,0,1,0,0,0,0,0,0
4220.17765909849,9,76,0,0,0,1,0,1,0,0
3712.7496962773007,1,38,0,0,1,0,0,1,0,0
843.233905251913,3,27,0,1,0,0,0,0,0,0
606.2160631688804,5,39,0,1,0,0,0,0,0,0
342.68572361455386,10,46,0,0,1,0,0,1,0,0
3621.5257979207413,13,26,0,0,0,1,0,0,0,0
4644.395763635987,15,78,0,1,0,0,0,1,0,0
2155.52642546062,20,22,0,0,0,0,0,0,0,0
600.1076566202606,18,57,0,0,1,0,0,0,0,1
2564.4021395568725,1,28,0,0,1,0,0,0,0,1
1747.4153777558574,16,18,0,0,0,0,1,0,1,0
1877.2504971282385,8,70,0,0,0,1,0,0,0,0
3108.546467657758,16,59,0,0,0,0,0,1,0,0
3594.9969757447006,14,18,0,0,0,0,0,0,0,0
557.4649763714384,6,75,0,0,0,0,1,0,0,0
182.77320287834954,21,79,0,1,0,0,0,0,1,0
4971.679861915146,22,71,0,1,0,0,0,1,0,0
1167.4781028331813,18,56,0,0,0,0,0,0,0,0
273.88347191775307,2,77,0,0,0,1,0,1,0,0
953.4272688341202,0,63,0,1,0,0,0,0,0,0
199.59444251057877,3,22,0,0,1,0,0,0,1,0
1962.0954186127724,17,66,0,0,0,0,1,1,0,0
4012.9969133343648,7,39,0,0,0,1,0,0,0,0
1709.5160265398144,18,43,0,1,0,0,0,0,0,1
2223.696117357441,22,70,0,0,0,0,0,1,0,0
3379.555933969357,22,23,0,0,0,0,1,0,1,0
2546.9258799990516,5,49,0,1,0,0,0,0,0,1
4307.921201676514,0,65,0,0,0,0,0,1,0,0
4330.848196853553,7,28,0,1,0,0,0,1,0,0
54.50392397831244,0,27,1,0,0,0,1,1,0,0
3891.34130088358,18,64,0,0,1,0,0,1,0,0
2306.364333207161,10,56,0,0,1,0,0,0,0,0
4944.258503811797,20,72,0,0,0,0,0,0,0,0
2418.7442189977987,23,51,0,0,1,0,0,1,0,0
4934.545247214546,14,48,0,0,0,0,1,0,1,0
3774.073959222654,22,29,0,0,0,0,0,0,0,0
1246.781398643465,10,68,0,1,0,0,0,1,0,0
2694.2829215383535,18,61,0,0,0,1,0,1,0,0
4960.717519195521,20,33,1,1,0,0,0,0,1,0
4288.365385720859,9,55,0,0,0,0,1,0,1,0
491.3476344871494,23,20,0,0,0,0,0,0,1,0
3533.3281240659303,11,19,0,1,0,0,0,0,0,1
1731.1700314247112,0,69,0,0,0,0,0,1,0,0
39.876398092338846,23,22,0,0,1,0,0,0,1,0
2020.387440289863,6,28,0,0,0,1,0,1,0,0
1177.5983365162317,16,75,0,0,0,0,1,0,0,0
4095.252006249755,9,42,0,1,0,0,0,1,0,0
1689.9663911845987,5,52,0,0,0,1,0,1,0,0
4138.480851299317,16,52,0,0,0,0,1,0,0,1
7.986704479802566,17,39,0,0,0,0,1,0,0,0
1542.556654380465,4,54,0,0,1,0,0,0,0,0
1209.620245467271,17,39,0,0,0,0,0,0,0,1
1171.6689685377119,16,72,0,0,0,0,0,0,1,0
345.5921657284862,21,28,0,0,0,1,0,0,1,0
939.6857307004561,15,49,0,0,1,0,0,1,0,0
2779.9701015786713,7,52,1,0,0,0,1,0,0,1
1460.3485588245337,23,48,0,0,1,0,0,0,1,0
2089.886937734094,12,62,0,0,1,0,0,0,0,0
1887.4500673342066,23,70,0,0,0,1,0,0,0,1
4380.145100374473,15,25,0,0,0,0,0,0,1,0
4526.968500057525,10,37,0,0,1,0,0,0,0,0
2467.320073421021,5,59,0,0,1,0,0,0,0,1
1654.128971826444,2,51,0,0,1,0,0,1,0,0
538.4695164918063,0,21,0,1,0,0,0,1,0,0
4767.247382513565,17,35,0,0,1,0,0,0,0,0
305.8335897769858,4,68,0,0,1,0,0,0,1,0
1491.7631364535607,12,21,0,0,0,0,1,0,1,0
1493.8406748441707,9,37,0,1,0,0,0,0,0,1
1605.4044242703735,4,75,0,0,1,0,0,0,0,0
825.6127821456844,13,26,0,0,1,0,0,0,1,0
3916.8913474638675,16,33,0,0,0,1,0,1,0,0
616.8768205201161,0,43,0,0,0,1,0,0,0,0
3176.358762470048,1,55,0,1,0,0,0,1,0,0
623.6109033955582,6,42,0,0,0,0,1,0,0,0
357.325509776818,9,21,0,1,0,0,0,0,0,1
4547.600370910953,19,58,0,1,0,0,0,0,1,0
954.6931877619348,6,76,0,0,0,1,0,0,1,0
4107.144522025723,23,62,0,0,0,1,0,0,1,0
2725.4312011801435,15,58,0,0,0,0,1,1,0,0
393.89331544580415,4,55,0,0,1,0,0,0,1,0
4777.463716233147,11,70,0,0,0,0,1,0,0,0
1238.5710291245032,16,36,0,0,1,0,0,1,0,0
4298.92850003627,15,31,0,0,0,0,0,0,0,1
848.2059788938981,19,38,0,0,0,1,0,1,0,0
4270.444696298555,15,32,0,0,0,0,0,0,0,1
71.07792046194345,18,20,0,0,0,0,0,1,0,0
2561.343380564556,14,54,0,0,0,1,0,0,1,0
3848.365684210676,11,70,0,0,0,0,0,0,0,1
4674.303609876452,20,67,0,1,0,0,0,0,1,0
4546.464670351403,9,63,0,0,1,0,0,1,0,0
4099.026223390487,21,33,0,0,0,0,1,0,0,1
4441.515791558214,1,31,0,0,0,1,0,0,0,0
1000.1023307561971,6,26,0,1,0,0,0,0,0,0
1424.5005570800852,12,64,0,0,0,0,1,1,0,0
1448.3977819806873,2,24,0,0,0,0,1,0,0,1
1888.3843853534856,14,31,0,0,0,0,1,0,0,0
1969.6367485740175,0,23,0,0,0,0,0,0,1,0
2725.053846650104,2,38,0,0,0,0,0,0,1,0
803.5994180153747,9,32,0,0,0,0,0,1,0,0
3457.7770856110164,14,69,0,0,0,0,0,0,1,0
841.9948638260099,21,25,0,1,0,0,0,0,1,0
1554.990868112215,5,51,0,0,0,0,0,0,1,0
2519.2089273777397,19,57,0,0,0,1,0,0,0,0
3983.220604809769,14,18,0,0,0,0,1,0,0,1
3698.6488200274425,23,49,0,1,0,0,0,1,0,0
3229.4441102705587,20,75,0,0,0,0,0,0,0,1
783.0874365979499,6,66,0,0,0,0,1,0,0,1
2737.4915013498107,20,68,0,1,0,0,0,0,0,1
441.7952764904278,4,22,0,0,0,0,1,0,0,0
1889.9290680992706,3,47,0,1,0,0,0,0,1,0
2070.515068798346,21,39,0,0,1,0,0,1,0,0
203.85814003154036,17,37,0,1,0,0,0,0,0,1
1373.5705568525093,2,33,0,0,0,0,0,0,1,0
4778.469088996115,16,24,0,0,0,0,1,0,0,0
4768.394876109299,17,24,0,0,0,0,1,0,0,1
1764.8736359914337,17,67,0,0,0,0,1,0,1,0
220.28504419687866,23,67,0,0,0,1,0,0,0,0
899.5792219442668,23,19,0,0,0,1,0,0,1,0
1964.127878200533,1,64,0,0,0,0,0,1,0,0
4739.159591356302,12,31,0,0,1,0,0,0,1,0
710.2893223682387,21,48,0,0,0,1,0,0,1,0
3818.76163912272,14,67,0,1,0,0,0,1,0,0
547.8692841765869,4,78,0,0,0,0,0,1,0,0
4906.3815990694275,2,58,0,0,1,0,0,0,1,0
1911.1744130501293,4,31,0,1,0,0,0,1,0,0
3877.296521800785,4,22,0,0,0,0,1,0,1,0
1716.2424586416034,4,28,0,0,0,1,0,0,0,1
3140.2060414082493,2,57,0,1,0,0,0,0,1,0
964.1203432764835,2,22,0,0,1,0,0,0,0,0
734.3749913883279,19,46,0,0,0,0,0,1,0,0
4690.630377142816,22,28,0,1,0,0,0,0,0,1
4588.648153132645,17,22,0,0,0,0,0,1,0,0
4437.907356363347,19,66,0,0,0,0,1,1,0,0
3129.0400835821342,3,71,0,0,1,0,0,1,0,0
4042.29971502531,0,49,0,0,1,0,0,0,0,0
349.8394998723177,15,53,0,0,0,1,0,0,0,0
1677.2712642439424,7,32,0,0,1,0,0,0,1,0
1571.9471081619954,16,36,0,1,0,0,0,0,0,0
3180.0483831533033,7,39,0,1,0,0,0,1,0,0
1783.0090784858494,6,51,0,1,0,0,0,0,0,1
746.7913743101857,7,73,0,0,0,0,1,0,0,1
2984.353041690651,20,34,0,0,1,0,0,0,0,1
4072.847683742062,23,29,0,0,1,0,0,1,0,0
1913.706854827566,11,42,0,1,0,0,0,0,0,0
665.6822319169161,15,73,0,0,0,1,0,0,0,1
987.4575455775512,11,34,0,0,0,1,0,1,0,0
1191.229109321073,18,27,0,0,1,0,0,1,0,0
1502.9884770077085,9,45,0,0,1,0,0,0,0,1
3215.7613771790143,6,74,0,0,0,0,0,0,0,1
3006.7226952659066,11,35,0,0,1,0,0,0,1,0
3481.9189085273606,19,68,0,1,0,0,0,0,1,0
1815.6974127349083,4,35,0,0,0,0,1,1,0,0
4120.868271140492,15,62,0,0,1,0,0,0,1,0
1024.4178674730224,8,49,0,0,1,0,0,0,1,0
2347.858533853179,6,31,0,1,0,0,0,0,0,1
4005.6889140994444,19,73,0,0,0,0,0,0,1,0
904.8924454244332,21,33,0,0,1,0,0,1,0,0
553.7662531352108,13,67,0,0,0,1,0,0,0,1
4419.001418601509,10,75,0,0,0,1,0,0,1,0
1717.9336654821834,6,35,0,0,0,1,0,0,1,0
3420.931273920615,9,33,0,0,0,0,1,0,1,0
131.61627829837272,8,34,0,0,0,0,1,0,0,0
3451.7842076052007,3,24,0,0,1,0,0,0,1,0
1583.9260511771176,15,29,0,0,1,0,0,0,1,0
283.42556366927147,9,51,0,0,1,0,0,1,0,0
3051.014743932845,18,27,0,0,0,0,1,0,1,0
1207.8150612855004,23,22,0,0,1,0,0,0,0,0
1937.1021740491406,16,38,0,1,0,0,0,0,0,1
407.5011573711354,8,20,0,0,0,0,0,0,1,0
740.0804392192518,12,36,0,0,0,1,0,0,1,0
1493.3962913017397,0,62,0,0,0,1,0,1,0,0
453.3487052979849,1,61,0,1,0,0,0,0,1,0
4554.577192108144,12,52,0,0,1,0,0,0,1,0
35.2049807039722,23,23,0,0,0,0,1,0,1,0
2421.8817932272354,8,31,0,0,1,0,0,0,1,0
620.6210533720945,6,21,0,0,1,0,0,0,0,1
1541.8570519423529,15,62,0,0,0,1,0,1,0,0
4630.667501292236,18,68,0,0,0,1,0,0,0,1
812.6642936035644,6,35,0,0,0,0,1,0,0,0
4829.3324369930715,5,46,0,0,0,1,0,0,1,0
1032.9429130621616,17,52,0,0,1,0,0,0,0,0
3709.122711791814,18,69,0,1,0,0,0,0,0,1
2735.652938162072,10,55,0,0,0,0,1,0,0,0
4422.971244345812,11,33,0,1,0,0,0,0,1,0
2772.196311238139,9,37,0,0,1,0,0,0,0,0
2675.1232996857616,12,41,0,0,0,0,1,0,0,1
981.3127118401575,11,52,0,1,0,0,0,0,1,0
835.3156634480354,20,61,0,0,0,0,1,1,0,0
4582.863309821993,9,68,0,0,1,0,0,0,0,1
1642.5518032559203,19,36,0,0,0,0,1,0,1,0
1863.5508635396652,17,73,0,0,1,0,0,1,0,0
3800.3191738498,3,21,0,0,0,0,1,0,0,0
1697.4232947019227,23,50,0,0,0,0,1,0,0,0
4760.551920961819,4,19,0,0,0,1,0,0,0,0
3690.9492061490073,4,30,0,0,1,0,0,0,1,0
2989.159066654233,11,79,0,0,0,0,0,0,0,0
4405.071326921038,2,75,0,0,0,0,1,0,0,0
252.78151220566636,7,78,0,1,0,0,0,1,0,0
1289.0281474850976,21,62,0,0,0,1,0,1,0,0
2327.8564894334454,1,47,1,0,0,1,0,1,0,0
1138.7578046602475,17,51,0,0,0,0,1,0,1,0
3720.8064105742487,8,47,0,0,0,0,0,0,0,1
4596.444115113357,12,68,0,0,0,1,0,0,0,0
2121.731749054962,6,71,0,0,1,0,0,0,0,0
1713.9523375589154,9,41,0,0,0,0,1,0,1,0
4807.945907027143,8,65,0,0,0,0,1,0,0,0
2227.0379019735665,21,61,0,0,0,0,0,0,1,0
2447.7967602441695,14,50,0,0,1,0,0,0,1,0
1761.4911123478173,4,58,0,0,1,0,0,0,1,0
4548.194622695632,11,66,0,0,0,0,0,0,0,1
2846.9326389928447,0,27,0,1,0,0,0,0,1,0
3812.0620629723153,11,35,0,0,1,0,0,0,0,1
4059.9745581626776,21,36,0,1,0,0,0,0,0,1
1712.5359643767047,5,24,0,1,0,0,0,0,0,0
2171.303184945298,18,74,0,0,0,0,1,1,0,0
4243.116513159292,18,36,0,0,0,0,1,0,0,1
1819.4604816206722,15,41,0,0,0,1,0,0,0,1
3970.705991591997,18,32,0,0,0,0,1,1,0,0
4705.256651259313,2,58,0,0,1,0,0,0,0,1
3117.935813474695,22,59,0,0,1,0,0,1,0,0
3709.428300822185,9,40,0,1,0,0,0,0,0,0
4026.461073645469,17,69,0,0,1,0,0,0,1,0
4225.97304623873,12,69,0,0,0,0,1,1,0,0
1978.2914225946959,17,21,0,0,0,0,1,0,1,0
261.06097858411084,2,55,0,0,0,0,1,1,0,0
2012.371974827514,22,21,0,0,0,0,0,0,1,0
3370.4123677715284,2,22,0,0,1,0,0,0,0,0
2254.5001769750597,22,58,0,0,0,1,0,0,0,1
3746.0709385476907,11,61,0,0,1,0,0,0,0,0
1788.127235195976,19,40,0,0,1,0,0,0,0,1
3175.5469848146276,6,57,0,0,0,0,0,0,1,0
936.166925245603,23,70,0,0,1,0,0,0,1,0
3748.10033604156,7,54,0,1,0,0,0,0,0,1
2730.7513642210643,8,78,0,0,0,0,1,1,0,0
1024.30162079027,13,28,0,0,0,0,1,0,0,0
1463.0963116215473,4,72,0,0,0,0,0,1,0,0
3744.3004993662526,20,28,0,0,0,0,1,0,1,0
2415.593172129296,18,30,0,1,0,0,0,0,0,0
1084.0770447633956,20,31,0,0,0,0,0,0,0,0
4836.519595899636,15,77,0,0,0,1,0,1,0,0
3577.0494739853552,23,25,0,0,0,0,1,0,0,1
4785.888488536281,11,42,0,0,1,0,0,0,0,1
2138.3897015749144,20,79,0,1,0,0,0,0,0,0
2378.126201755144,3,35,0,1,0,0,0,0,0,1
4490.28630484417,7,68,0,0,0,0,1,0,1,0
2627.621454525696,6,61,0,0,0,1,0,1,0,0
3537.8581649688076,14,61,0,0,1,0,0,1,0,0
1264.6035230901723,5,35,0,0,0,1,0,1,0,0
2236.3987111696897,4,27,0,0,0,1,0,0,0,0
621.6320797227238,13,24,0,0,0,0,1,0,0,0
1033.8702792054235,20,77,0,0,1,0,0,0,0,1
9.71235926181728,12,67,0,0,0,0,1,1,0,0
201.12893298505787,9,61,0,0,0,0,1,0,1,0
4886.5326967687615,17,31,0,1,0,0,0,0,1,0
1215.5567072081278,3,32,0,0,0,0,1,1,0,0
3318.23699397249,7,33,0,0,0,0,0,0,0,0
4196.302995504059,23,19,0,0,1,0,0,0,0,0
2755.5489938866385,10,47,0,1,0,0,0,0,0,0
769.9567779193612,16,47,0,0,1,0,0,0,1,0
3641.941604494151,17,35,0,1,0,0,0,1,0,0
3003.2557934474175,20,48,0,0,0,0,0,0,1,0
3657.5966937901385,10,61,1,0,0,0,1,1,0,0
3849.8843811711504,15,65,0,1,0,0,0,0,1,0
4877.174786585302,11,30,0,1,0,0,0,0,1,0
2869.9485837334164,12,37,0,1,0,0,0,0,0,1
1711.497357889556,15,66,0,0,0,0,0,0,1,0
3244.080461716684,22,67,0,0,1,0,0,1,0,0
346.8613426669175,20,52,0,0,0,0,0,0,1,0
4487.499605016324,0,40,0,1,0,0,0,0,0,1
601.3081516342929,15,59,0,1,0,0,0,0,0,1
1642.574975239662,14,50,0,0,0,0,1,1,0,0
4079.648176227474,5,55,0,0,0,0,0,0,0,1
2988.575329761906,11,52,0,0,0,0,0,0,0,1
